16384
16385
16383
16386
16382
16387
16381
16388
16380
16389
16379
16390
16378
16391
16377
16392
16376
16393
16375
16394
16374
16395
16373
16396
16372
16397
16371
16398
16370
16399
16369
16400
16368
16401
16367
16402
16366
16403
16365
16404
16364
16405
16363
16406
16362
16407
16361
16408
16360
16409
16359
16410
16358
16411
16357
16412
16356
16413
16355
16414
16354
16415
16353
16416
16352
16417
16351
16418
16350
16419
16349
16420
16348
16421
16347
16422
16346
16423
16345
16424
16344
16425
16343
16426
16342
16427
16341
16428
16340
16429
16339
16430
16338
16431
16337
16432
16336
16433
16335
16434
16334
16435
16333
16436
16332
16437
16331
16438
16330
16439
16329
16440
16328
16441
16327
16442
16326
16443
16325
16444
16324
16445
16323
16446
16322
16447
16321
16448
16320
16449
16319
16450
16318
16451
16317
16452
16316
16453
16315
16454
16314
16455
16313
16456
16312
16457
16311
16458
16310
16459
16309
16460
16308
16461
16307
16462
16306
16463
16305
16464
16304
16465
16303
16466
16302
16467
16301
16468
16300
16469
16299
16470
16298
16471
16297
16472
16296
16473
16295
16474
16294
16475
16293
16476
16292
16477
16291
16478
16290
16479
16289
16480
16288
16481
16287
16482
16286
16483
16285
16484
16284
16485
16283
16486
16282
16487
16281
16488
16280
16489
16279
16490
16278
16491
16277
16492
16276
16493
16275
16494
16274
16495
16273
16496
16272
16497
16271
16498
16270
16499
16269
16500
16268
16501
16267
16502
16266
16503
16265
16504
16264
16505
16263
16506
16262
16507
16261
16508
16260
16509
16259
16510
16258
16511
16257
16512
16256
16513
16255
16514
16254
16515
16253
16516
16252
16517
16251
16518
16250
16519
16249
16520
16248
16521
16247
16522
16246
16523
16245
16524
16244
16525
16243
16526
16242
16527
16241
16528
16240
16529
16239
16530
16238
16531
16237
16532
16236
16533
16235
16534
16234
16535
16233
16536
16232
16537
16231
16538
16230
16539
16229
16540
16228
16541
16227
16542
16226
16543
16225
16544
16224
16545
16223
16546
16222
16547
16221
16548
16220
16549
16219
16550
16218
16551
16217
16552
16216
16553
16215
16554
16214
16555
16213
16556
16212
16557
16211
16558
16210
16559
16209
16560
16208
16561
16207
16562
16206
16563
16205
16564
16204
16565
16203
16566
16202
16567
16201
16568
16200
16569
16199
16570
16198
16571
16197
16572
16196
16573
16195
16574
16194
16575
16193
16576
16192
16577
16191
16578
16190
16579
16189
16580
16188
16581
16187
16582
16186
16583
16185
16584
16184
16585
16183
16586
16182
16587
16181
16588
16180
16589
16179
16590
16178
16591
16177
16592
16176
16593
16175
16594
16174
16595
16173
16596
16172
16597
16171
16598
16170
16599
16169
16600
16168
16601
16167
16602
16166
16603
16165
16604
16164
16605
16163
16606
16162
16607
16161
16608
16160
16609
16159
16610
16158
16611
16157
16612
16156
16613
16155
16614
16154
16615
16153
16616
16152
16617
16151
16618
16150
16619
16149
16620
16148
16621
16147
16622
16146
16623
16145
16624
16144
16625
16143
16626
16142
16627
16141
16628
16140
16629
16139
16630
16138
16631
16137
16632
16136
16633
16135
16634
16134
16635
16133
16636
16132
16637
16131
16638
16130
16639
16129
16640
16128
16641
16127
16642
16126
16643
16125
16644
16124
16645
16123
16646
16122
16647
16121
16648
16120
16649
16119
16650
16118
16651
16117
16652
16116
16653
16115
16654
16114
16655
16113
16656
16112
16657
16111
16658
16110
16659
16109
16660
16108
16661
16107
16662
16106
16663
16105
16664
16104
16665
16103
16666
16102
16667
16101
16668
16100
16669
16099
16670
16098
16671
16097
16672
16096
16673
16095
16674
16094
16675
16093
16676
16092
16677
16091
16678
16090
16679
16089
16680
16088
16681
16087
16682
16086
16683
16085
16684
16084
16685
16083
16686
16082
16687
16081
16688
16080
16689
16079
16690
16078
16691
16077
16692
16076
16693
16075
16694
16074
16695
16073
16696
16072
16697
16071
16698
16070
16699
16069
16700
16068
16701
16067
16702
16066
16703
16065
16704
16064
16705
16063
16706
16062
16707
16061
16708
16060
16709
16059
16710
16058
16711
16057
16712
16056
16713
16055
16714
16054
16715
16053
16716
16052
16717
16051
16718
16050
16719
16049
16720
16048
16721
16047
16722
16046
16723
16045
16724
16044
16725
16043
16726
16042
16727
16041
16728
16040
16729
16039
16730
16038
16731
16037
16732
16036
16733
16035
16734
16034
16735
16033
16736
16032
16737
16031
16738
16030
16739
16029
16740
16028
16741
16027
16742
16026
16743
16025
16744
16024
16745
16023
16746
16022
16747
16021
16748
16020
16749
16019
16750
16018
16751
16017
16752
16016
16753
16015
16754
16014
16755
16013
16756
16012
16757
16011
16758
16010
16759
16009
16760
16008
16761
16007
16762
16006
16763
16005
16764
16004
16765
16003
16766
16002
16767
16001
16768
16000
16769
15999
16770
15998
16771
15997
16772
15996
16773
15995
16774
15994
16775
15993
16776
15992
16777
15991
16778
15990
16779
15989
16780
15988
16781
15987
16782
15986
16783
15985
16784
15984
16785
15983
16786
15982
16787
15981
16788
15980
16789
15979
16790
15978
16791
15977
16792
15976
16793
15975
16794
15974
16795
15973
16796
15972
16797
15971
16798
15970
16799
15969
16800
15968
16801
15967
16802
15966
16803
15965
16804
15964
16805
15963
16806
15962
16807
15961
16808
15960
16809
15959
16810
15958
16811
15957
16812
15956
16813
15955
16814
15954
16815
15953
16816
15952
16817
15951
16818
15950
16819
15949
16820
15948
16821
15947
16822
15946
16823
15945
16824
15944
16825
15943
16826
15942
16827
15941
16828
15940
16829
15939
16830
15938
16831
15937
16832
15936
16833
15935
16834
15934
16835
15933
16836
15932
16837
15931
16838
15930
16839
15929
16840
15928
16841
15927
16842
15926
16843
15925
16844
15924
16845
15923
16846
15922
16847
15921
16848
15920
16849
15919
16850
15918
16851
15917
16852
15916
16853
15915
16854
15914
16855
15913
16856
15912
16857
15911
16858
15910
16859
15909
16860
15908
16861
15907
16862
15906
16863
15905
16864
15904
16865
15903
16866
15902
16867
15901
16868
15900
16869
15899
16870
15898
16871
15897
16872
15896
16873
15895
16874
15894
16875
15893
16876
15892
16877
15891
16878
15890
16879
15889
16880
15888
16881
15887
16882
15886
16883
15885
16884
15884
16885
15883
16886
15882
16887
15881
16888
15880
16889
15879
16890
15878
16891
15877
16892
15876
16893
15875
16894
15874
16895
15873
16896
15872
16897
15871
16898
15870
16899
15869
16900
15868
16901
15867
16902
15866
16903
15865
16904
15864
16905
15863
16906
15862
16907
15861
16908
15860
16909
15859
16910
15858
16911
15857
16912
15856
16913
15855
16914
15854
16915
15853
16916
15852
16917
15851
16918
15850
16919
15849
16920
15848
16921
15847
16922
15846
16923
15845
16924
15844
16925
15843
16926
15842
16927
15841
16928
15840
16929
15839
16930
15838
16931
15837
16932
15836
16933
15835
16934
15834
16935
15833
16936
15832
16937
15831
16938
15830
16939
15829
16940
15828
16941
15827
16942
15826
16943
15825
16944
15824
16945
15823
16946
15822
16947
15821
16948
15820
16949
15819
16950
15818
16951
15817
16952
15816
16953
15815
16954
15814
16955
15813
16956
15812
16957
15811
16958
15810
16959
15809
16960
15808
16961
15807
16962
15806
16963
15805
16964
15804
16965
15803
16966
15802
16967
15801
16968
15800
16969
15799
16970
15798
16971
15797
16972
15796
16973
15795
16974
15794
16975
15793
16976
15792
16977
15791
16978
15790
16979
15789
16980
15788
16981
15787
16982
15786
16983
15785
16984
15784
16985
15783
16986
15782
16987
15781
16988
15780
16989
15779
16990
15778
16991
15777
16992
15776
16993
15775
16994
15774
16995
15773
16996
15772
16997
15771
16998
15770
16999
15769
17000
15768
17001
15767
17002
15766
17003
15765
17004
15764
17005
15763
17006
15762
17007
15761
17008
15760
17009
15759
17010
15758
17011
15757
17012
15756
17013
15755
17014
15754
17015
15753
17016
15752
17017
15751
17018
15750
17019
15749
17020
15748
17021
15747
17022
15746
17023
15745
17024
15744
17025
15743
17026
15742
17027
15741
17028
15740
17029
15739
17030
15738
17031
15737
17032
15736
17033
15735
17034
15734
17035
15733
17036
15732
17037
15731
17038
15730
17039
15729
17040
15728
17041
15727
17042
15726
17043
15725
17044
15724
17045
15723
17046
15722
17047
15721
17048
15720
17049
15719
17050
15718
17051
15717
17052
15716
17053
15715
17054
15714
17055
15713
17056
15712
17057
15711
17058
15710
17059
15709
17060
15708
17061
15707
17062
15706
17063
15705
17064
15704
17065
15703
17066
15702
17067
15701
17068
15700
17069
15699
17070
15698
17071
15697
17072
15696
17073
15695
17074
15694
17075
15693
17076
15692
17077
15691
17078
15690
17079
15689
17080
15688
17081
15687
17082
15686
17083
15685
17084
15684
17085
15683
17086
15682
17087
15681
17088
15680
17089
15679
17090
15678
17091
15677
17092
15676
17093
15675
17094
15674
17095
15673
17096
15672
17097
15671
17098
15670
17099
15669
17100
15668
17101
15667
17102
15666
17103
15665
17104
15664
17105
15663
17106
15662
17107
15661
17108
15660
17109
15659
17110
15658
17111
15657
17112
15656
17113
15655
17114
15654
17115
15653
17116
15652
17117
15651
17118
15650
17119
15649
17120
15648
17121
15647
17122
15646
17123
15645
17124
15644
17125
15643
17126
15642
17127
15641
17128
15640
17129
15639
17130
15638
17131
15637
17132
15636
17133
15635
17134
15634
17135
15633
17136
15632
17137
15631
17138
15630
17139
15629
17140
15628
17141
15627
17142
15626
17143
15625
17144
15624
17145
15623
17146
15622
17147
15621
17148
15620
17149
15619
17150
15618
17151
15617
17152
15616
17153
15615
17154
15614
17155
15613
17156
15612
17157
15611
17158
15610
17159
15609
17160
15608
17161
15607
17162
15606
17163
15605
17164
15604
17165
15603
17166
15602
17167
15601
17168
15600
17169
15599
17170
15598
17171
15597
17172
15596
17173
15595
17174
15594
17175
15593
17176
15592
17177
15591
17178
15590
17179
15589
17180
15588
17181
15587
17182
15586
17183
15585
17184
15584
17185
15583
17186
15582
17187
15581
17188
15580
17189
15579
17190
15578
17191
15577
17192
15576
17193
15575
17194
15574
17195
15573
17196
15572
17197
15571
17198
15570
17199
15569
17200
15568
17201
15567
17202
15566
17203
15565
17204
15564
17205
15563
17206
15562
17207
15561
17208
15560
17209
15559
17210
15558
17211
15557
17212
15556
17213
15555
17214
15554
17215
15553
17216
15552
17217
15551
17218
15550
17219
15549
17220
15548
17221
15547
17222
15546
17223
15545
17224
15544
17225
15543
17226
15542
17227
15541
17228
15540
17229
15539
17230
15538
17231
15537
17232
15536
17233
15535
17234
15534
17235
15533
17236
15532
17237
15531
17238
15530
17239
15529
17240
15528
17241
15527
17242
15526
17243
15525
17244
15524
17245
15523
17246
15522
17247
15521
17248
15520
17249
15519
17250
15518
17251
15517
17252
15516
17253
15515
17254
15514
17255
15513
17256
15512
17257
15511
17258
15510
17259
15509
17260
15508
17261
15507
17262
15506
17263
15505
17264
15504
17265
15503
17266
15502
17267
15501
17268
15500
17269
15499
17270
15498
17271
15497
17272
15496
17273
15495
17274
15494
17275
15493
17276
15492
17277
15491
17278
15490
17279
15489
17280
15488
17281
15487
17282
15486
17283
15485
17284
15484
17285
15483
17286
15482
17287
15481
17288
15480
17289
15479
17290
15478
17291
15477
17292
15476
17293
15475
17294
15474
17295
15473
17296
15472
17297
15471
17298
15470
17299
15469
17300
15468
17301
15467
17302
15466
17303
15465
17304
15464
17305
15463
17306
15462
17307
15461
17308
15460
17309
15459
17310
15458
17311
15457
17312
15456
17313
15455
17314
15454
17315
15453
17316
15452
17317
15451
17318
15450
17319
15449
17320
15448
17321
15447
17322
15446
17323
15445
17324
15444
17325
15443
17326
15442
17327
15441
17328
15440
17329
15439
17330
15438
17331
15437
17332
15436
17333
15435
17334
15434
17335
15433
17336
15432
17337
15431
17338
15430
17339
15429
17340
15428
17341
15427
17342
15426
17343
15425
17344
15424
17345
15423
17346
15422
17347
15421
17348
15420
17349
15419
17350
15418
17351
15417
17352
15416
17353
15415
17354
15414
17355
15413
17356
15412
17357
15411
17358
15410
17359
15409
17360
15408
17361
15407
17362
15406
17363
15405
17364
15404
17365
15403
17366
15402
17367
15401
17368
15400
17369
15399
17370
15398
17371
15397
17372
15396
17373
15395
17374
15394
17375
15393
17376
15392
17377
15391
17378
15390
17379
15389
17380
15388
17381
15387
17382
15386
17383
15385
17384
15384
17385
15383
17386
15382
17387
15381
17388
15380
17389
15379
17390
15378
17391
15377
17392
15376
17393
15375
17394
15374
17395
15373
17396
15372
17397
15371
17398
15370
17399
15369
17400
15368
17401
15367
17402
15366
17403
15365
17404
15364
17405
15363
17406
15362
17407
15361
17408
15360
17409
15359
17410
15358
17411
15357
17412
15356
17413
15355
17414
15354
17415
15353
17416
15352
17417
15351
17418
15350
17419
15349
17420
15348
17421
15347
17422
15346
17423
15345
17424
15344
17425
15343
17426
15342
17427
15341
17428
15340
17429
15339
17430
15338
17431
15337
17432
15336
17433
15335
17434
15334
17435
15333
17436
15332
17437
15331
17438
15330
17439
15329
17440
15328
17441
15327
17442
15326
17443
15325
17444
15324
17445
15323
17446
15322
17447
15321
17448
15320
17449
15319
17450
15318
17451
15317
17452
15316
17453
15315
17454
15314
17455
15313
17456
15312
17457
15311
17458
15310
17459
15309
17460
15308
17461
15307
17462
15306
17463
15305
17464
15304
17465
15303
17466
15302
17467
15301
17468
15300
17469
15299
17470
15298
17471
15297
17472
15296
17473
15295
17474
15294
17475
15293
17476
15292
17477
15291
17478
15290
17479
15289
17480
15288
17481
15287
17482
15286
17483
15285
17484
15284
17485
15283
17486
15282
17487
15281
17488
15280
17489
15279
17490
15278
17491
15277
17492
15276
17493
15275
17494
15274
17495
15273
17496
15272
17497
15271
17498
15270
17499
15269
17500
15268
17501
15267
17502
15266
17503
15265
17504
15264
17505
15263
17506
15262
17507
15261
17508
15260
17509
15259
17510
15258
17511
15257
17512
15256
17513
15255
17514
15254
17515
15253
17516
15252
17517
15251
17518
15250
17519
15249
17520
15248
17521
15247
17522
15246
17523
15245
17524
15244
17525
15243
17526
15242
17527
15241
17528
15240
17529
15239
17530
15238
17531
15237
17532
15236
17533
15235
17534
15234
17535
15233
17536
15232
17537
15231
17538
15230
17539
15229
17540
15228
17541
15227
17542
15226
17543
15225
17544
15224
17545
15223
17546
15222
17547
15221
17548
15220
17549
15219
17550
15218
17551
15217
17552
15216
17553
15215
17554
15214
17555
15213
17556
15212
17557
15211
17558
15210
17559
15209
17560
15208
17561
15207
17562
15206
17563
15205
17564
15204
17565
15203
17566
15202
17567
15201
17568
15200
17569
15199
17570
15198
17571
15197
17572
15196
17573
15195
17574
15194
17575
15193
17576
15192
17577
15191
17578
15190
17579
15189
17580
15188
17581
15187
17582
15186
17583
15185
17584
15184
17585
15183
17586
15182
17587
15181
17588
15180
17589
15179
17590
15178
17591
15177
17592
15176
17593
15175
17594
15174
17595
15173
17596
15172
17597
15171
17598
15170
17599
15169
17600
15168
17601
15167
17602
15166
17603
15165
17604
15164
17605
15163
17606
15162
17607
15161
17608
15160
17609
15159
17610
15158
17611
15157
17612
15156
17613
15155
17614
15154
17615
15153
17616
15152
17617
15151
17618
15150
17619
15149
17620
15148
17621
15147
17622
15146
17623
15145
17624
15144
17625
15143
17626
15142
17627
15141
17628
15140
17629
15139
17630
15138
17631
15137
17632
15136
17633
15135
17634
15134
17635
15133
17636
15132
17637
15131
17638
15130
17639
15129
17640
15128
17641
15127
17642
15126
17643
15125
17644
15124
17645
15123
17646
15122
17647
15121
17648
15120
17649
15119
17650
15118
17651
15117
17652
15116
17653
15115
17654
15114
17655
15113
17656
15112
17657
15111
17658
15110
17659
15109
17660
15108
17661
15107
17662
15106
17663
15105
17664
15104
17665
15103
17666
15102
17667
15101
17668
15100
17669
15099
17670
15098
17671
15097
17672
15096
17673
15095
17674
15094
17675
15093
17676
15092
17677
15091
17678
15090
17679
15089
17680
15088
17681
15087
17682
15086
17683
15085
17684
15084
17685
15083
17686
15082
17687
15081
17688
15080
17689
15079
17690
15078
17691
15077
17692
15076
17693
15075
17694
15074
17695
15073
17696
15072
17697
15071
17698
15070
17699
15069
17700
15068
17701
15067
17702
15066
17703
15065
17704
15064
17705
15063
17706
15062
17707
15061
17708
15060
17709
15059
17710
15058
17711
15057
17712
15056
17713
15055
17714
15054
17715
15053
17716
15052
17717
15051
17718
15050
17719
15049
17720
15048
17721
15047
17722
15046
17723
15045
17724
15044
17725
15043
17726
15042
17727
15041
17728
15040
17729
15039
17730
15038
17731
15037
17732
15036
17733
15035
17734
15034
17735
15033
17736
15032
17737
15031
17738
15030
17739
15029
17740
15028
17741
15027
17742
15026
17743
15025
17744
15024
17745
15023
17746
15022
17747
15021
17748
15020
17749
15019
17750
15018
17751
15017
17752
15016
17753
15015
17754
15014
17755
15013
17756
15012
17757
15011
17758
15010
17759
15009
17760
15008
17761
15007
17762
15006
17763
15005
17764
15004
17765
15003
17766
15002
17767
15001
17768
15000
17769
14999
17770
14998
17771
14997
17772
14996
17773
14995
17774
14994
17775
14993
17776
14992
17777
14991
17778
14990
17779
14989
17780
14988
17781
14987
17782
14986
17783
14985
17784
14984
17785
14983
17786
14982
17787
14981
17788
14980
17789
14979
17790
14978
17791
14977
17792
14976
17793
14975
17794
14974
17795
14973
17796
14972
17797
14971
17798
14970
17799
14969
17800
14968
17801
14967
17802
14966
17803
14965
17804
14964
17805
14963
17806
14962
17807
14961
17808
14960
17809
14959
17810
14958
17811
14957
17812
14956
17813
14955
17814
14954
17815
14953
17816
14952
17817
14951
17818
14950
17819
14949
17820
14948
17821
14947
17822
14946
17823
14945
17824
14944
17825
14943
17826
14942
17827
14941
17828
14940
17829
14939
17830
14938
17831
14937
17832
14936
17833
14935
17834
14934
17835
14933
17836
14932
17837
14931
17838
14930
17839
14929
17840
14928
17841
14927
17842
14926
17843
14925
17844
14924
17845
14923
17846
14922
17847
14921
17848
14920
17849
14919
17850
14918
17851
14917
17852
14916
17853
14915
17854
14914
17855
14913
17856
14912
17857
14911
17858
14910
17859
14909
17860
14908
17861
14907
17862
14906
17863
14905
17864
14904
17865
14903
17866
14902
17867
14901
17868
14900
17869
14899
17870
14898
17871
14897
17872
14896
17873
14895
17874
14894
17875
14893
17876
14892
17877
14891
17878
14890
17879
14889
17880
14888
17881
14887
17882
14886
17883
14885
17884
14884
17885
14883
17886
14882
17887
14881
17888
14880
17889
14879
17890
14878
17891
14877
17892
14876
17893
14875
17894
14874
17895
14873
17896
14872
17897
14871
17898
14870
17899
14869
17900
14868
17901
14867
17902
14866
17903
14865
17904
14864
17905
14863
17906
14862
17907
14861
17908
14860
17909
14859
17910
14858
17911
14857
17912
14856
17913
14855
17914
14854
17915
14853
17916
14852
17917
14851
17918
14850
17919
14849
17920
14848
17921
14847
17922
14846
17923
14845
17924
14844
17925
14843
17926
14842
17927
14841
17928
14840
17929
14839
17930
14838
17931
14837
17932
14836
17933
14835
17934
14834
17935
14833
17936
14832
17937
14831
17938
14830
17939
14829
17940
14828
17941
14827
17942
14826
17943
14825
17944
14824
17945
14823
17946
14822
17947
14821
17948
14820
17949
14819
17950
14818
17951
14817
17952
14816
17953
14815
17954
14814
17955
14813
17956
14812
17957
14811
17958
14810
17959
14809
17960
14808
17961
14807
17962
14806
17963
14805
17964
14804
17965
14803
17966
14802
17967
14801
17968
14800
17969
14799
17970
14798
17971
14797
17972
14796
17973
14795
17974
14794
17975
14793
17976
14792
17977
14791
17978
14790
17979
14789
17980
14788
17981
14787
17982
14786
17983
14785
17984
14784
17985
14783
17986
14782
17987
14781
17988
14780
17989
14779
17990
14778
17991
14777
17992
14776
17993
14775
17994
14774
17995
14773
17996
14772
17997
14771
17998
14770
17999
14769
18000
14768
18001
14767
18002
14766
18003
14765
18004
14764
18005
14763
18006
14762
18007
14761
18008
14760
18009
14759
18010
14758
18011
14757
18012
14756
18013
14755
18014
14754
18015
14753
18016
14752
18017
14751
18018
14750
18019
14749
18020
14748
18021
14747
18022
14746
18023
14745
18024
14744
18025
14743
18026
14742
18027
14741
18028
14740
18029
14739
18030
14738
18031
14737
18032
14736
18033
14735
18034
14734
18035
14733
18036
14732
18037
14731
18038
14730
18039
14729
18040
14728
18041
14727
18042
14726
18043
14725
18044
14724
18045
14723
18046
14722
18047
14721
18048
14720
18049
14719
18050
14718
18051
14717
18052
14716
18053
14715
18054
14714
18055
14713
18056
14712
18057
14711
18058
14710
18059
14709
18060
14708
18061
14707
18062
14706
18063
14705
18064
14704
18065
14703
18066
14702
18067
14701
18068
14700
18069
14699
18070
14698
18071
14697
18072
14696
18073
14695
18074
14694
18075
14693
18076
14692
18077
14691
18078
14690
18079
14689
18080
14688
18081
14687
18082
14686
18083
14685
18084
14684
18085
14683
18086
14682
18087
14681
18088
14680
18089
14679
18090
14678
18091
14677
18092
14676
18093
14675
18094
14674
18095
14673
18096
14672
18097
14671
18098
14670
18099
14669
18100
14668
18101
14667
18102
14666
18103
14665
18104
14664
18105
14663
18106
14662
18107
14661
18108
14660
18109
14659
18110
14658
18111
14657
18112
14656
18113
14655
18114
14654
18115
14653
18116
14652
18117
14651
18118
14650
18119
14649
18120
14648
18121
14647
18122
14646
18123
14645
18124
14644
18125
14643
18126
14642
18127
14641
18128
14640
18129
14639
18130
14638
18131
14637
18132
14636
18133
14635
18134
14634
18135
14633
18136
14632
18137
14631
18138
14630
18139
14629
18140
14628
18141
14627
18142
14626
18143
14625
18144
14624
18145
14623
18146
14622
18147
14621
18148
14620
18149
14619
18150
14618
18151
14617
18152
14616
18153
14615
18154
14614
18155
14613
18156
14612
18157
14611
18158
14610
18159
14609
18160
14608
18161
14607
18162
14606
18163
14605
18164
14604
18165
14603
18166
14602
18167
14601
18168
14600
18169
14599
18170
14598
18171
14597
18172
14596
18173
14595
18174
14594
18175
14593
18176
14592
18177
14591
18178
14590
18179
14589
18180
14588
18181
14587
18182
14586
18183
14585
18184
14584
18185
14583
18186
14582
18187
14581
18188
14580
18189
14579
18190
14578
18191
14577
18192
14576
18193
14575
18194
14574
18195
14573
18196
14572
18197
14571
18198
14570
18199
14569
18200
14568
18201
14567
18202
14566
18203
14565
18204
14564
18205
14563
18206
14562
18207
14561
18208
14560
18209
14559
18210
14558
18211
14557
18212
14556
18213
14555
18214
14554
18215
14553
18216
14552
18217
14551
18218
14550
18219
14549
18220
14548
18221
14547
18222
14546
18223
14545
18224
14544
18225
14543
18226
14542
18227
14541
18228
14540
18229
14539
18230
14538
18231
14537
18232
14536
18233
14535
18234
14534
18235
14533
18236
14532
18237
14531
18238
14530
18239
14529
18240
14528
18241
14527
18242
14526
18243
14525
18244
14524
18245
14523
18246
14522
18247
14521
18248
14520
18249
14519
18250
14518
18251
14517
18252
14516
18253
14515
18254
14514
18255
14513
18256
14512
18257
14511
18258
14510
18259
14509
18260
14508
18261
14507
18262
14506
18263
14505
18264
14504
18265
14503
18266
14502
18267
14501
18268
14500
18269
14499
18270
14498
18271
14497
18272
14496
18273
14495
18274
14494
18275
14493
18276
14492
18277
14491
18278
14490
18279
14489
18280
14488
18281
14487
18282
14486
18283
14485
18284
14484
18285
14483
18286
14482
18287
14481
18288
14480
18289
14479
18290
14478
18291
14477
18292
14476
18293
14475
18294
14474
18295
14473
18296
14472
18297
14471
18298
14470
18299
14469
18300
14468
18301
14467
18302
14466
18303
14465
18304
14464
18305
14463
18306
14462
18307
14461
18308
14460
18309
14459
18310
14458
18311
14457
18312
14456
18313
14455
18314
14454
18315
14453
18316
14452
18317
14451
18318
14450
18319
14449
18320
14448
18321
14447
18322
14446
18323
14445
18324
14444
18325
14443
18326
14442
18327
14441
18328
14440
18329
14439
18330
14438
18331
14437
18332
14436
18333
14435
18334
14434
18335
14433
18336
14432
18337
14431
18338
14430
18339
14429
18340
14428
18341
14427
18342
14426
18343
14425
18344
14424
18345
14423
18346
14422
18347
14421
18348
14420
18349
14419
18350
14418
18351
14417
18352
14416
18353
14415
18354
14414
18355
14413
18356
14412
18357
14411
18358
14410
18359
14409
18360
14408
18361
14407
18362
14406
18363
14405
18364
14404
18365
14403
18366
14402
18367
14401
18368
14400
18369
14399
18370
14398
18371
14397
18372
14396
18373
14395
18374
14394
18375
14393
18376
14392
18377
14391
18378
14390
18379
14389
18380
14388
18381
14387
18382
14386
18383
14385
18384
14384
18385
14383
18386
14382
18387
14381
18388
14380
18389
14379
18390
14378
18391
14377
18392
14376
18393
14375
18394
14374
18395
14373
18396
14372
18397
14371
18398
14370
18399
14369
18400
14368
18401
14367
18402
14366
18403
14365
18404
14364
18405
14363
18406
14362
18407
14361
18408
14360
18409
14359
18410
14358
18411
14357
18412
14356
18413
14355
18414
14354
18415
14353
18416
14352
18417
14351
18418
14350
18419
14349
18420
14348
18421
14347
18422
14346
18423
14345
18424
14344
18425
14343
18426
14342
18427
14341
18428
14340
18429
14339
18430
14338
18431
14337
18432
14336
18433
14335
18434
14334
18435
14333
18436
14332
18437
14331
18438
14330
18439
14329
18440
14328
18441
14327
18442
14326
18443
14325
18444
14324
18445
14323
18446
14322
18447
14321
18448
14320
18449
14319
18450
14318
18451
14317
18452
14316
18453
14315
18454
14314
18455
14313
18456
14312
18457
14311
18458
14310
18459
14309
18460
14308
18461
14307
18462
14306
18463
14305
18464
14304
18465
14303
18466
14302
18467
14301
18468
14300
18469
14299
18470
14298
18471
14297
18472
14296
18473
14295
18474
14294
18475
14293
18476
14292
18477
14291
18478
14290
18479
14289
18480
14288
18481
14287
18482
14286
18483
14285
18484
14284
18485
14283
18486
14282
18487
14281
18488
14280
18489
14279
18490
14278
18491
14277
18492
14276
18493
14275
18494
14274
18495
14273
18496
14272
18497
14271
18498
14270
18499
14269
18500
14268
18501
14267
18502
14266
18503
14265
18504
14264
18505
14263
18506
14262
18507
14261
18508
14260
18509
14259
18510
14258
18511
14257
18512
14256
18513
14255
18514
14254
18515
14253
18516
14252
18517
14251
18518
14250
18519
14249
18520
14248
18521
14247
18522
14246
18523
14245
18524
14244
18525
14243
18526
14242
18527
14241
18528
14240
18529
14239
18530
14238
18531
14237
18532
14236
18533
14235
18534
14234
18535
14233
18536
14232
18537
14231
18538
14230
18539
14229
18540
14228
18541
14227
18542
14226
18543
14225
18544
14224
18545
14223
18546
14222
18547
14221
18548
14220
18549
14219
18550
14218
18551
14217
18552
14216
18553
14215
18554
14214
18555
14213
18556
14212
18557
14211
18558
14210
18559
14209
18560
14208
18561
14207
18562
14206
18563
14205
18564
14204
18565
14203
18566
14202
18567
14201
18568
14200
18569
14199
18570
14198
18571
14197
18572
14196
18573
14195
18574
14194
18575
14193
18576
14192
18577
14191
18578
14190
18579
14189
18580
14188
18581
14187
18582
14186
18583
14185
18584
14184
18585
14183
18586
14182
18587
14181
18588
14180
18589
14179
18590
14178
18591
14177
18592
14176
18593
14175
18594
14174
18595
14173
18596
14172
18597
14171
18598
14170
18599
14169
18600
14168
18601
14167
18602
14166
18603
14165
18604
14164
18605
14163
18606
14162
18607
14161
18608
14160
18609
14159
18610
14158
18611
14157
18612
14156
18613
14155
18614
14154
18615
14153
18616
14152
18617
14151
18618
14150
18619
14149
18620
14148
18621
14147
18622
14146
18623
14145
18624
14144
18625
14143
18626
14142
18627
14141
18628
14140
18629
14139
18630
14138
18631
14137
18632
14136
18633
14135
18634
14134
18635
14133
18636
14132
18637
14131
18638
14130
18639
14129
18640
14128
18641
14127
18642
14126
18643
14125
18644
14124
18645
14123
18646
14122
18647
14121
18648
14120
18649
14119
18650
14118
18651
14117
18652
14116
18653
14115
18654
14114
18655
14113
18656
14112
18657
14111
18658
14110
18659
14109
18660
14108
18661
14107
18662
14106
18663
14105
18664
14104
18665
14103
18666
14102
18667
14101
18668
14100
18669
14099
18670
14098
18671
14097
18672
14096
18673
14095
18674
14094
18675
14093
18676
14092
18677
14091
18678
14090
18679
14089
18680
14088
18681
14087
18682
14086
18683
14085
18684
14084
18685
14083
18686
14082
18687
14081
18688
14080
18689
14079
18690
14078
18691
14077
18692
14076
18693
14075
18694
14074
18695
14073
18696
14072
18697
14071
18698
14070
18699
14069
18700
14068
18701
14067
18702
14066
18703
14065
18704
14064
18705
14063
18706
14062
18707
14061
18708
14060
18709
14059
18710
14058
18711
14057
18712
14056
18713
14055
18714
14054
18715
14053
18716
14052
18717
14051
18718
14050
18719
14049
18720
14048
18721
14047
18722
14046
18723
14045
18724
14044
18725
14043
18726
14042
18727
14041
18728
14040
18729
14039
18730
14038
18731
14037
18732
14036
18733
14035
18734
14034
18735
14033
18736
14032
18737
14031
18738
14030
18739
14029
18740
14028
18741
14027
18742
14026
18743
14025
18744
14024
18745
14023
18746
14022
18747
14021
18748
14020
18749
14019
18750
14018
18751
14017
18752
14016
18753
14015
18754
14014
18755
14013
18756
14012
18757
14011
18758
14010
18759
14009
18760
14008
18761
14007
18762
14006
18763
14005
18764
14004
18765
14003
18766
14002
18767
14001
18768
14000
18769
13999
18770
13998
18771
13997
18772
13996
18773
13995
18774
13994
18775
13993
18776
13992
18777
13991
18778
13990
18779
13989
18780
13988
18781
13987
18782
13986
18783
13985
18784
13984
18785
13983
18786
13982
18787
13981
18788
13980
18789
13979
18790
13978
18791
13977
18792
13976
18793
13975
18794
13974
18795
13973
18796
13972
18797
13971
18798
13970
18799
13969
18800
13968
18801
13967
18802
13966
18803
13965
18804
13964
18805
13963
18806
13962
18807
13961
18808
13960
18809
13959
18810
13958
18811
13957
18812
13956
18813
13955
18814
13954
18815
13953
18816
13952
18817
13951
18818
13950
18819
13949
18820
13948
18821
13947
18822
13946
18823
13945
18824
13944
18825
13943
18826
13942
18827
13941
18828
13940
18829
13939
18830
13938
18831
13937
18832
13936
18833
13935
18834
13934
18835
13933
18836
13932
18837
13931
18838
13930
18839
13929
18840
13928
18841
13927
18842
13926
18843
13925
18844
13924
18845
13923
18846
13922
18847
13921
18848
13920
18849
13919
18850
13918
18851
13917
18852
13916
18853
13915
18854
13914
18855
13913
18856
13912
18857
13911
18858
13910
18859
13909
18860
13908
18861
13907
18862
13906
18863
13905
18864
13904
18865
13903
18866
13902
18867
13901
18868
13900
18869
13899
18870
13898
18871
13897
18872
13896
18873
13895
18874
13894
18875
13893
18876
13892
18877
13891
18878
13890
18879
13889
18880
13888
18881
13887
18882
13886
18883
13885
18884
13884
18885
13883
18886
13882
18887
13881
18888
13880
18889
13879
18890
13878
18891
13877
18892
13876
18893
13875
18894
13874
18895
13873
18896
13872
18897
13871
18898
13870
18899
13869
18900
13868
18901
13867
18902
13866
18903
13865
18904
13864
18905
13863
18906
13862
18907
13861
18908
13860
18909
13859
18910
13858
18911
13857
18912
13856
18913
13855
18914
13854
18915
13853
18916
13852
18917
13851
18918
13850
18919
13849
18920
13848
18921
13847
18922
13846
18923
13845
18924
13844
18925
13843
18926
13842
18927
13841
18928
13840
18929
13839
18930
13838
18931
13837
18932
13836
18933
13835
18934
13834
18935
13833
18936
13832
18937
13831
18938
13830
18939
13829
18940
13828
18941
13827
18942
13826
18943
13825
18944
13824
18945
13823
18946
13822
18947
13821
18948
13820
18949
13819
18950
13818
18951
13817
18952
13816
18953
13815
18954
13814
18955
13813
18956
13812
18957
13811
18958
13810
18959
13809
18960
13808
18961
13807
18962
13806
18963
13805
18964
13804
18965
13803
18966
13802
18967
13801
18968
13800
18969
13799
18970
13798
18971
13797
18972
13796
18973
13795
18974
13794
18975
13793
18976
13792
18977
13791
18978
13790
18979
13789
18980
13788
18981
13787
18982
13786
18983
13785
18984
13784
18985
13783
18986
13782
18987
13781
18988
13780
18989
13779
18990
13778
18991
13777
18992
13776
18993
13775
18994
13774
18995
13773
18996
13772
18997
13771
18998
13770
18999
13769
19000
13768
19001
13767
19002
13766
19003
13765
19004
13764
19005
13763
19006
13762
19007
13761
19008
13760
19009
13759
19010
13758
19011
13757
19012
13756
19013
13755
19014
13754
19015
13753
19016
13752
19017
13751
19018
13750
19019
13749
19020
13748
19021
13747
19022
13746
19023
13745
19024
13744
19025
13743
19026
13742
19027
13741
19028
13740
19029
13739
19030
13738
19031
13737
19032
13736
19033
13735
19034
13734
19035
13733
19036
13732
19037
13731
19038
13730
19039
13729
19040
13728
19041
13727
19042
13726
19043
13725
19044
13724
19045
13723
19046
13722
19047
13721
19048
13720
19049
13719
19050
13718
19051
13717
19052
13716
19053
13715
19054
13714
19055
13713
19056
13712
19057
13711
19058
13710
19059
13709
19060
13708
19061
13707
19062
13706
19063
13705
19064
13704
19065
13703
19066
13702
19067
13701
19068
13700
19069
13699
19070
13698
19071
13697
19072
13696
19073
13695
19074
13694
19075
13693
19076
13692
19077
13691
19078
13690
19079
13689
19080
13688
19081
13687
19082
13686
19083
13685
19084
13684
19085
13683
19086
13682
19087
13681
19088
13680
19089
13679
19090
13678
19091
13677
19092
13676
19093
13675
19094
13674
19095
13673
19096
13672
19097
13671
19098
13670
19099
13669
19100
13668
19101
13667
19102
13666
19103
13665
19104
13664
19105
13663
19106
13662
19107
13661
19108
13660
19109
13659
19110
13658
19111
13657
19112
13656
19113
13655
19114
13654
19115
13653
19116
13652
19117
13651
19118
13650
19119
13649
19120
13648
19121
13647
19122
13646
19123
13645
19124
13644
19125
13643
19126
13642
19127
13641
19128
13640
19129
13639
19130
13638
19131
13637
19132
13636
19133
13635
19134
13634
19135
13633
19136
13632
19137
13631
19138
13630
19139
13629
19140
13628
19141
13627
19142
13626
19143
13625
19144
13624
19145
13623
19146
13622
19147
13621
19148
13620
19149
13619
19150
13618
19151
13617
19152
13616
19153
13615
19154
13614
19155
13613
19156
13612
19157
13611
19158
13610
19159
13609
19160
13608
19161
13607
19162
13606
19163
13605
19164
13604
19165
13603
19166
13602
19167
13601
19168
13600
19169
13599
19170
13598
19171
13597
19172
13596
19173
13595
19174
13594
19175
13593
19176
13592
19177
13591
19178
13590
19179
13589
19180
13588
19181
13587
19182
13586
19183
13585
19184
13584
19185
13583
19186
13582
19187
13581
19188
13580
19189
13579
19190
13578
19191
13577
19192
13576
19193
13575
19194
13574
19195
13573
19196
13572
19197
13571
19198
13570
19199
13569
19200
13568
19201
13567
19202
13566
19203
13565
19204
13564
19205
13563
19206
13562
19207
13561
19208
13560
19209
13559
19210
13558
19211
13557
19212
13556
19213
13555
19214
13554
19215
13553
19216
13552
19217
13551
19218
13550
19219
13549
19220
13548
19221
13547
19222
13546
19223
13545
19224
13544
19225
13543
19226
13542
19227
13541
19228
13540
19229
13539
19230
13538
19231
13537
19232
13536
19233
13535
19234
13534
19235
13533
19236
13532
19237
13531
19238
13530
19239
13529
19240
13528
19241
13527
19242
13526
19243
13525
19244
13524
19245
13523
19246
13522
19247
13521
19248
13520
19249
13519
19250
13518
19251
13517
19252
13516
19253
13515
19254
13514
19255
13513
19256
13512
19257
13511
19258
13510
19259
13509
19260
13508
19261
13507
19262
13506
19263
13505
19264
13504
19265
13503
19266
13502
19267
13501
19268
13500
19269
13499
19270
13498
19271
13497
19272
13496
19273
13495
19274
13494
19275
13493
19276
13492
19277
13491
19278
13490
19279
13489
19280
13488
19281
13487
19282
13486
19283
13485
19284
13484
19285
13483
19286
13482
19287
13481
19288
13480
19289
13479
19290
13478
19291
13477
19292
13476
19293
13475
19294
13474
19295
13473
19296
13472
19297
13471
19298
13470
19299
13469
19300
13468
19301
13467
19302
13466
19303
13465
19304
13464
19305
13463
19306
13462
19307
13461
19308
13460
19309
13459
19310
13458
19311
13457
19312
13456
19313
13455
19314
13454
19315
13453
19316
13452
19317
13451
19318
13450
19319
13449
19320
13448
19321
13447
19322
13446
19323
13445
19324
13444
19325
13443
19326
13442
19327
13441
19328
13440
19329
13439
19330
13438
19331
13437
19332
13436
19333
13435
19334
13434
19335
13433
19336
13432
19337
13431
19338
13430
19339
13429
19340
13428
19341
13427
19342
13426
19343
13425
19344
13424
19345
13423
19346
13422
19347
13421
19348
13420
19349
13419
19350
13418
19351
13417
19352
13416
19353
13415
19354
13414
19355
13413
19356
13412
19357
13411
19358
13410
19359
13409
19360
13408
19361
13407
19362
13406
19363
13405
19364
13404
19365
13403
19366
13402
19367
13401
19368
13400
19369
13399
19370
13398
19371
13397
19372
13396
19373
13395
19374
13394
19375
13393
19376
13392
19377
13391
19378
13390
19379
13389
19380
13388
19381
13387
19382
13386
19383
13385
19384
13384
19385
13383
19386
13382
19387
13381
19388
13380
19389
13379
19390
13378
19391
13377
19392
13376
19393
13375
19394
13374
19395
13373
19396
13372
19397
13371
19398
13370
19399
13369
19400
13368
19401
13367
19402
13366
19403
13365
19404
13364
19405
13363
19406
13362
19407
13361
19408
13360
19409
13359
19410
13358
19411
13357
19412
13356
19413
13355
19414
13354
19415
13353
19416
13352
19417
13351
19418
13350
19419
13349
19420
13348
19421
13347
19422
13346
19423
13345
19424
13344
19425
13343
19426
13342
19427
13341
19428
13340
19429
13339
19430
13338
19431
13337
19432
13336
19433
13335
19434
13334
19435
13333
19436
13332
19437
13331
19438
13330
19439
13329
19440
13328
19441
13327
19442
13326
19443
13325
19444
13324
19445
13323
19446
13322
19447
13321
19448
13320
19449
13319
19450
13318
19451
13317
19452
13316
19453
13315
19454
13314
19455
13313
19456
13312
19457
13311
19458
13310
19459
13309
19460
13308
19461
13307
19462
13306
19463
13305
19464
13304
19465
13303
19466
13302
19467
13301
19468
13300
19469
13299
19470
13298
19471
13297
19472
13296
19473
13295
19474
13294
19475
13293
19476
13292
19477
13291
19478
13290
19479
13289
19480
13288
19481
13287
19482
13286
19483
13285
19484
13284
19485
13283
19486
13282
19487
13281
19488
13280
19489
13279
19490
13278
19491
13277
19492
13276
19493
13275
19494
13274
19495
13273
19496
13272
19497
13271
19498
13270
19499
13269
19500
13268
19501
13267
19502
13266
19503
13265
19504
13264
19505
13263
19506
13262
19507
13261
19508
13260
19509
13259
19510
13258
19511
13257
19512
13256
19513
13255
19514
13254
19515
13253
19516
13252
19517
13251
19518
13250
19519
13249
19520
13248
19521
13247
19522
13246
19523
13245
19524
13244
19525
13243
19526
13242
19527
13241
19528
13240
19529
13239
19530
13238
19531
13237
19532
13236
19533
13235
19534
13234
19535
13233
19536
13232
19537
13231
19538
13230
19539
13229
19540
13228
19541
13227
19542
13226
19543
13225
19544
13224
19545
13223
19546
13222
19547
13221
19548
13220
19549
13219
19550
13218
19551
13217
19552
13216
19553
13215
19554
13214
19555
13213
19556
13212
19557
13211
19558
13210
19559
13209
19560
13208
19561
13207
19562
13206
19563
13205
19564
13204
19565
13203
19566
13202
19567
13201
19568
13200
19569
13199
19570
13198
19571
13197
19572
13196
19573
13195
19574
13194
19575
13193
19576
13192
19577
13191
19578
13190
19579
13189
19580
13188
19581
13187
19582
13186
19583
13185
19584
13184
19585
13183
19586
13182
19587
13181
19588
13180
19589
13179
19590
13178
19591
13177
19592
13176
19593
13175
19594
13174
19595
13173
19596
13172
19597
13171
19598
13170
19599
13169
19600
13168
19601
13167
19602
13166
19603
13165
19604
13164
19605
13163
19606
13162
19607
13161
19608
13160
19609
13159
19610
13158
19611
13157
19612
13156
19613
13155
19614
13154
19615
13153
19616
13152
19617
13151
19618
13150
19619
13149
19620
13148
19621
13147
19622
13146
19623
13145
19624
13144
19625
13143
19626
13142
19627
13141
19628
13140
19629
13139
19630
13138
19631
13137
19632
13136
19633
13135
19634
13134
19635
13133
19636
13132
19637
13131
19638
13130
19639
13129
19640
13128
19641
13127
19642
13126
19643
13125
19644
13124
19645
13123
19646
13122
19647
13121
19648
13120
19649
13119
19650
13118
19651
13117
19652
13116
19653
13115
19654
13114
19655
13113
19656
13112
19657
13111
19658
13110
19659
13109
19660
13108
19661
13107
19662
13106
19663
13105
19664
13104
19665
13103
19666
13102
19667
13101
19668
13100
19669
13099
19670
13098
19671
13097
19672
13096
19673
13095
19674
13094
19675
13093
19676
13092
19677
13091
19678
13090
19679
13089
19680
13088
19681
13087
19682
13086
19683
13085
19684
13084
19685
13083
19686
13082
19687
13081
19688
13080
19689
13079
19690
13078
19691
13077
19692
13076
19693
13075
19694
13074
19695
13073
19696
13072
19697
13071
19698
13070
19699
13069
19700
13068
19701
13067
19702
13066
19703
13065
19704
13064
19705
13063
19706
13062
19707
13061
19708
13060
19709
13059
19710
13058
19711
13057
19712
13056
19713
13055
19714
13054
19715
13053
19716
13052
19717
13051
19718
13050
19719
13049
19720
13048
19721
13047
19722
13046
19723
13045
19724
13044
19725
13043
19726
13042
19727
13041
19728
13040
19729
13039
19730
13038
19731
13037
19732
13036
19733
13035
19734
13034
19735
13033
19736
13032
19737
13031
19738
13030
19739
13029
19740
13028
19741
13027
19742
13026
19743
13025
19744
13024
19745
13023
19746
13022
19747
13021
19748
13020
19749
13019
19750
13018
19751
13017
19752
13016
19753
13015
19754
13014
19755
13013
19756
13012
19757
13011
19758
13010
19759
13009
19760
13008
19761
13007
19762
13006
19763
13005
19764
13004
19765
13003
19766
13002
19767
13001
19768
13000
19769
12999
19770
12998
19771
12997
19772
12996
19773
12995
19774
12994
19775
12993
19776
12992
19777
12991
19778
12990
19779
12989
19780
12988
19781
12987
19782
12986
19783
12985
19784
12984
19785
12983
19786
12982
19787
12981
19788
12980
19789
12979
19790
12978
19791
12977
19792
12976
19793
12975
19794
12974
19795
12973
19796
12972
19797
12971
19798
12970
19799
12969
19800
12968
19801
12967
19802
12966
19803
12965
19804
12964
19805
12963
19806
12962
19807
12961
19808
12960
19809
12959
19810
12958
19811
12957
19812
12956
19813
12955
19814
12954
19815
12953
19816
12952
19817
12951
19818
12950
19819
12949
19820
12948
19821
12947
19822
12946
19823
12945
19824
12944
19825
12943
19826
12942
19827
12941
19828
12940
19829
12939
19830
12938
19831
12937
19832
12936
19833
12935
19834
12934
19835
12933
19836
12932
19837
12931
19838
12930
19839
12929
19840
12928
19841
12927
19842
12926
19843
12925
19844
12924
19845
12923
19846
12922
19847
12921
19848
12920
19849
12919
19850
12918
19851
12917
19852
12916
19853
12915
19854
12914
19855
12913
19856
12912
19857
12911
19858
12910
19859
12909
19860
12908
19861
12907
19862
12906
19863
12905
19864
12904
19865
12903
19866
12902
19867
12901
19868
12900
19869
12899
19870
12898
19871
12897
19872
12896
19873
12895
19874
12894
19875
12893
19876
12892
19877
12891
19878
12890
19879
12889
19880
12888
19881
12887
19882
12886
19883
12885
19884
12884
19885
12883
19886
12882
19887
12881
19888
12880
19889
12879
19890
12878
19891
12877
19892
12876
19893
12875
19894
12874
19895
12873
19896
12872
19897
12871
19898
12870
19899
12869
19900
12868
19901
12867
19902
12866
19903
12865
19904
12864
19905
12863
19906
12862
19907
12861
19908
12860
19909
12859
19910
12858
19911
12857
19912
12856
19913
12855
19914
12854
19915
12853
19916
12852
19917
12851
19918
12850
19919
12849
19920
12848
19921
12847
19922
12846
19923
12845
19924
12844
19925
12843
19926
12842
19927
12841
19928
12840
19929
12839
19930
12838
19931
12837
19932
12836
19933
12835
19934
12834
19935
12833
19936
12832
19937
12831
19938
12830
19939
12829
19940
12828
19941
12827
19942
12826
19943
12825
19944
12824
19945
12823
19946
12822
19947
12821
19948
12820
19949
12819
19950
12818
19951
12817
19952
12816
19953
12815
19954
12814
19955
12813
19956
12812
19957
12811
19958
12810
19959
12809
19960
12808
19961
12807
19962
12806
19963
12805
19964
12804
19965
12803
19966
12802
19967
12801
19968
12800
19969
12799
19970
12798
19971
12797
19972
12796
19973
12795
19974
12794
19975
12793
19976
12792
19977
12791
19978
12790
19979
12789
19980
12788
19981
12787
19982
12786
19983
12785
19984
12784
19985
12783
19986
12782
19987
12781
19988
12780
19989
12779
19990
12778
19991
12777
19992
12776
19993
12775
19994
12774
19995
12773
19996
12772
19997
12771
19998
12770
19999
12769
20000
12768
20001
12767
20002
12766
20003
12765
20004
12764
20005
12763
20006
12762
20007
12761
20008
12760
20009
12759
20010
12758
20011
12757
20012
12756
20013
12755
20014
12754
20015
12753
20016
12752
20017
12751
20018
12750
20019
12749
20020
12748
20021
12747
20022
12746
20023
12745
20024
12744
20025
12743
20026
12742
20027
12741
20028
12740
20029
12739
20030
12738
20031
12737
20032
12736
20033
12735
20034
12734
20035
12733
20036
12732
20037
12731
20038
12730
20039
12729
20040
12728
20041
12727
20042
12726
20043
12725
20044
12724
20045
12723
20046
12722
20047
12721
20048
12720
20049
12719
20050
12718
20051
12717
20052
12716
20053
12715
20054
12714
20055
12713
20056
12712
20057
12711
20058
12710
20059
12709
20060
12708
20061
12707
20062
12706
20063
12705
20064
12704
20065
12703
20066
12702
20067
12701
20068
12700
20069
12699
20070
12698
20071
12697
20072
12696
20073
12695
20074
12694
20075
12693
20076
12692
20077
12691
20078
12690
20079
12689
20080
12688
20081
12687
20082
12686
20083
12685
20084
12684
20085
12683
20086
12682
20087
12681
20088
12680
20089
12679
20090
12678
20091
12677
20092
12676
20093
12675
20094
12674
20095
12673
20096
12672
20097
12671
20098
12670
20099
12669
20100
12668
20101
12667
20102
12666
20103
12665
20104
12664
20105
12663
20106
12662
20107
12661
20108
12660
20109
12659
20110
12658
20111
12657
20112
12656
20113
12655
20114
12654
20115
12653
20116
12652
20117
12651
20118
12650
20119
12649
20120
12648
20121
12647
20122
12646
20123
12645
20124
12644
20125
12643
20126
12642
20127
12641
20128
12640
20129
12639
20130
12638
20131
12637
20132
12636
20133
12635
20134
12634
20135
12633
20136
12632
20137
12631
20138
12630
20139
12629
20140
12628
20141
12627
20142
12626
20143
12625
20144
12624
20145
12623
20146
12622
20147
12621
20148
12620
20149
12619
20150
12618
20151
12617
20152
12616
20153
12615
20154
12614
20155
12613
20156
12612
20157
12611
20158
12610
20159
12609
20160
12608
20161
12607
20162
12606
20163
12605
20164
12604
20165
12603
20166
12602
20167
12601
20168
12600
20169
12599
20170
12598
20171
12597
20172
12596
20173
12595
20174
12594
20175
12593
20176
12592
20177
12591
20178
12590
20179
12589
20180
12588
20181
12587
20182
12586
20183
12585
20184
12584
20185
12583
20186
12582
20187
12581
20188
12580
20189
12579
20190
12578
20191
12577
20192
12576
20193
12575
20194
12574
20195
12573
20196
12572
20197
12571
20198
12570
20199
12569
20200
12568
20201
12567
20202
12566
20203
12565
20204
12564
20205
12563
20206
12562
20207
12561
20208
12560
20209
12559
20210
12558
20211
12557
20212
12556
20213
12555
20214
12554
20215
12553
20216
12552
20217
12551
20218
12550
20219
12549
20220
12548
20221
12547
20222
12546
20223
12545
20224
12544
20225
12543
20226
12542
20227
12541
20228
12540
20229
12539
20230
12538
20231
12537
20232
12536
20233
12535
20234
12534
20235
12533
20236
12532
20237
12531
20238
12530
20239
12529
20240
12528
20241
12527
20242
12526
20243
12525
20244
12524
20245
12523
20246
12522
20247
12521
20248
12520
20249
12519
20250
12518
20251
12517
20252
12516
20253
12515
20254
12514
20255
12513
20256
12512
20257
12511
20258
12510
20259
12509
20260
12508
20261
12507
20262
12506
20263
12505
20264
12504
20265
12503
20266
12502
20267
12501
20268
12500
20269
12499
20270
12498
20271
12497
20272
12496
20273
12495
20274
12494
20275
12493
20276
12492
20277
12491
20278
12490
20279
12489
20280
12488
20281
12487
20282
12486
20283
12485
20284
12484
20285
12483
20286
12482
20287
12481
20288
12480
20289
12479
20290
12478
20291
12477
20292
12476
20293
12475
20294
12474
20295
12473
20296
12472
20297
12471
20298
12470
20299
12469
20300
12468
20301
12467
20302
12466
20303
12465
20304
12464
20305
12463
20306
12462
20307
12461
20308
12460
20309
12459
20310
12458
20311
12457
20312
12456
20313
12455
20314
12454
20315
12453
20316
12452
20317
12451
20318
12450
20319
12449
20320
12448
20321
12447
20322
12446
20323
12445
20324
12444
20325
12443
20326
12442
20327
12441
20328
12440
20329
12439
20330
12438
20331
12437
20332
12436
20333
12435
20334
12434
20335
12433
20336
12432
20337
12431
20338
12430
20339
12429
20340
12428
20341
12427
20342
12426
20343
12425
20344
12424
20345
12423
20346
12422
20347
12421
20348
12420
20349
12419
20350
12418
20351
12417
20352
12416
20353
12415
20354
12414
20355
12413
20356
12412
20357
12411
20358
12410
20359
12409
20360
12408
20361
12407
20362
12406
20363
12405
20364
12404
20365
12403
20366
12402
20367
12401
20368
12400
20369
12399
20370
12398
20371
12397
20372
12396
20373
12395
20374
12394
20375
12393
20376
12392
20377
12391
20378
12390
20379
12389
20380
12388
20381
12387
20382
12386
20383
12385
20384
12384
20385
12383
20386
12382
20387
12381
20388
12380
20389
12379
20390
12378
20391
12377
20392
12376
20393
12375
20394
12374
20395
12373
20396
12372
20397
12371
20398
12370
20399
12369
20400
12368
20401
12367
20402
12366
20403
12365
20404
12364
20405
12363
20406
12362
20407
12361
20408
12360
20409
12359
20410
12358
20411
12357
20412
12356
20413
12355
20414
12354
20415
12353
20416
12352
20417
12351
20418
12350
20419
12349
20420
12348
20421
12347
20422
12346
20423
12345
20424
12344
20425
12343
20426
12342
20427
12341
20428
12340
20429
12339
20430
12338
20431
12337
20432
12336
20433
12335
20434
12334
20435
12333
20436
12332
20437
12331
20438
12330
20439
12329
20440
12328
20441
12327
20442
12326
20443
12325
20444
12324
20445
12323
20446
12322
20447
12321
20448
12320
20449
12319
20450
12318
20451
12317
20452
12316
20453
12315
20454
12314
20455
12313
20456
12312
20457
12311
20458
12310
20459
12309
20460
12308
20461
12307
20462
12306
20463
12305
20464
12304
20465
12303
20466
12302
20467
12301
20468
12300
20469
12299
20470
12298
20471
12297
20472
12296
20473
12295
20474
12294
20475
12293
20476
12292
20477
12291
20478
12290
20479
12289
20480
12288
20481
12287
20482
12286
20483
12285
20484
12284
20485
12283
20486
12282
20487
12281
20488
12280
20489
12279
20490
12278
20491
12277
20492
12276
20493
12275
20494
12274
20495
12273
20496
12272
20497
12271
20498
12270
20499
12269
20500
12268
20501
12267
20502
12266
20503
12265
20504
12264
20505
12263
20506
12262
20507
12261
20508
12260
20509
12259
20510
12258
20511
12257
20512
12256
20513
12255
20514
12254
20515
12253
20516
12252
20517
12251
20518
12250
20519
12249
20520
12248
20521
12247
20522
12246
20523
12245
20524
12244
20525
12243
20526
12242
20527
12241
20528
12240
20529
12239
20530
12238
20531
12237
20532
12236
20533
12235
20534
12234
20535
12233
20536
12232
20537
12231
20538
12230
20539
12229
20540
12228
20541
12227
20542
12226
20543
12225
20544
12224
20545
12223
20546
12222
20547
12221
20548
12220
20549
12219
20550
12218
20551
12217
20552
12216
20553
12215
20554
12214
20555
12213
20556
12212
20557
12211
20558
12210
20559
12209
20560
12208
20561
12207
20562
12206
20563
12205
20564
12204
20565
12203
20566
12202
20567
12201
20568
12200
20569
12199
20570
12198
20571
12197
20572
12196
20573
12195
20574
12194
20575
12193
20576
12192
20577
12191
20578
12190
20579
12189
20580
12188
20581
12187
20582
12186
20583
12185
20584
12184
20585
12183
20586
12182
20587
12181
20588
12180
20589
12179
20590
12178
20591
12177
20592
12176
20593
12175
20594
12174
20595
12173
20596
12172
20597
12171
20598
12170
20599
12169
20600
12168
20601
12167
20602
12166
20603
12165
20604
12164
20605
12163
20606
12162
20607
12161
20608
12160
20609
12159
20610
12158
20611
12157
20612
12156
20613
12155
20614
12154
20615
12153
20616
12152
20617
12151
20618
12150
20619
12149
20620
12148
20621
12147
20622
12146
20623
12145
20624
12144
20625
12143
20626
12142
20627
12141
20628
12140
20629
12139
20630
12138
20631
12137
20632
12136
20633
12135
20634
12134
20635
12133
20636
12132
20637
12131
20638
12130
20639
12129
20640
12128
20641
12127
20642
12126
20643
12125
20644
12124
20645
12123
20646
12122
20647
12121
20648
12120
20649
12119
20650
12118
20651
12117
20652
12116
20653
12115
20654
12114
20655
12113
20656
12112
20657
12111
20658
12110
20659
12109
20660
12108
20661
12107
20662
12106
20663
12105
20664
12104
20665
12103
20666
12102
20667
12101
20668
12100
20669
12099
20670
12098
20671
12097
20672
12096
20673
12095
20674
12094
20675
12093
20676
12092
20677
12091
20678
12090
20679
12089
20680
12088
20681
12087
20682
12086
20683
12085
20684
12084
20685
12083
20686
12082
20687
12081
20688
12080
20689
12079
20690
12078
20691
12077
20692
12076
20693
12075
20694
12074
20695
12073
20696
12072
20697
12071
20698
12070
20699
12069
20700
12068
20701
12067
20702
12066
20703
12065
20704
12064
20705
12063
20706
12062
20707
12061
20708
12060
20709
12059
20710
12058
20711
12057
20712
12056
20713
12055
20714
12054
20715
12053
20716
12052
20717
12051
20718
12050
20719
12049
20720
12048
20721
12047
20722
12046
20723
12045
20724
12044
20725
12043
20726
12042
20727
12041
20728
12040
20729
12039
20730
12038
20731
12037
20732
12036
20733
12035
20734
12034
20735
12033
20736
12032
20737
12031
20738
12030
20739
12029
20740
12028
20741
12027
20742
12026
20743
12025
20744
12024
20745
12023
20746
12022
20747
12021
20748
12020
20749
12019
20750
12018
20751
12017
20752
12016
20753
12015
20754
12014
20755
12013
20756
12012
20757
12011
20758
12010
20759
12009
20760
12008
20761
12007
20762
12006
20763
12005
20764
12004
20765
12003
20766
12002
20767
12001
20768
12000
20769
11999
20770
11998
20771
11997
20772
11996
20773
11995
20774
11994
20775
11993
20776
11992
20777
11991
20778
11990
20779
11989
20780
11988
20781
11987
20782
11986
20783
11985
20784
11984
20785
11983
20786
11982
20787
11981
20788
11980
20789
11979
20790
11978
20791
11977
20792
11976
20793
11975
20794
11974
20795
11973
20796
11972
20797
11971
20798
11970
20799
11969
20800
11968
20801
11967
20802
11966
20803
11965
20804
11964
20805
11963
20806
11962
20807
11961
20808
11960
20809
11959
20810
11958
20811
11957
20812
11956
20813
11955
20814
11954
20815
11953
20816
11952
20817
11951
20818
11950
20819
11949
20820
11948
20821
11947
20822
11946
20823
11945
20824
11944
20825
11943
20826
11942
20827
11941
20828
11940
20829
11939
20830
11938
20831
11937
20832
11936
20833
11935
20834
11934
20835
11933
20836
11932
20837
11931
20838
11930
20839
11929
20840
11928
20841
11927
20842
11926
20843
11925
20844
11924
20845
11923
20846
11922
20847
11921
20848
11920
20849
11919
20850
11918
20851
11917
20852
11916
20853
11915
20854
11914
20855
11913
20856
11912
20857
11911
20858
11910
20859
11909
20860
11908
20861
11907
20862
11906
20863
11905
20864
11904
20865
11903
20866
11902
20867
11901
20868
11900
20869
11899
20870
11898
20871
11897
20872
11896
20873
11895
20874
11894
20875
11893
20876
11892
20877
11891
20878
11890
20879
11889
20880
11888
20881
11887
20882
11886
20883
11885
20884
11884
20885
11883
20886
11882
20887
11881
20888
11880
20889
11879
20890
11878
20891
11877
20892
11876
20893
11875
20894
11874
20895
11873
20896
11872
20897
11871
20898
11870
20899
11869
20900
11868
20901
11867
20902
11866
20903
11865
20904
11864
20905
11863
20906
11862
20907
11861
20908
11860
20909
11859
20910
11858
20911
11857
20912
11856
20913
11855
20914
11854
20915
11853
20916
11852
20917
11851
20918
11850
20919
11849
20920
11848
20921
11847
20922
11846
20923
11845
20924
11844
20925
11843
20926
11842
20927
11841
20928
11840
20929
11839
20930
11838
20931
11837
20932
11836
20933
11835
20934
11834
20935
11833
20936
11832
20937
11831
20938
11830
20939
11829
20940
11828
20941
11827
20942
11826
20943
11825
20944
11824
20945
11823
20946
11822
20947
11821
20948
11820
20949
11819
20950
11818
20951
11817
20952
11816
20953
11815
20954
11814
20955
11813
20956
11812
20957
11811
20958
11810
20959
11809
20960
11808
20961
11807
20962
11806
20963
11805
20964
11804
20965
11803
20966
11802
20967
11801
20968
11800
20969
11799
20970
11798
20971
11797
20972
11796
20973
11795
20974
11794
20975
11793
20976
11792
20977
11791
20978
11790
20979
11789
20980
11788
20981
11787
20982
11786
20983
11785
20984
11784
20985
11783
20986
11782
20987
11781
20988
11780
20989
11779
20990
11778
20991
11777
20992
11776
20993
11775
20994
11774
20995
11773
20996
11772
20997
11771
20998
11770
20999
11769
21000
11768
21001
11767
21002
11766
21003
11765
21004
11764
21005
11763
21006
11762
21007
11761
21008
11760
21009
11759
21010
11758
21011
11757
21012
11756
21013
11755
21014
11754
21015
11753
21016
11752
21017
11751
21018
11750
21019
11749
21020
11748
21021
11747
21022
11746
21023
11745
21024
11744
21025
11743
21026
11742
21027
11741
21028
11740
21029
11739
21030
11738
21031
11737
21032
11736
21033
11735
21034
11734
21035
11733
21036
11732
21037
11731
21038
11730
21039
11729
21040
11728
21041
11727
21042
11726
21043
11725
21044
11724
21045
11723
21046
11722
21047
11721
21048
11720
21049
11719
21050
11718
21051
11717
21052
11716
21053
11715
21054
11714
21055
11713
21056
11712
21057
11711
21058
11710
21059
11709
21060
11708
21061
11707
21062
11706
21063
11705
21064
11704
21065
11703
21066
11702
21067
11701
21068
11700
21069
11699
21070
11698
21071
11697
21072
11696
21073
11695
21074
11694
21075
11693
21076
11692
21077
11691
21078
11690
21079
11689
21080
11688
21081
11687
21082
11686
21083
11685
21084
11684
21085
11683
21086
11682
21087
11681
21088
11680
21089
11679
21090
11678
21091
11677
21092
11676
21093
11675
21094
11674
21095
11673
21096
11672
21097
11671
21098
11670
21099
11669
21100
11668
21101
11667
21102
11666
21103
11665
21104
11664
21105
11663
21106
11662
21107
11661
21108
11660
21109
11659
21110
11658
21111
11657
21112
11656
21113
11655
21114
11654
21115
11653
21116
11652
21117
11651
21118
11650
21119
11649
21120
11648
21121
11647
21122
11646
21123
11645
21124
11644
21125
11643
21126
11642
21127
11641
21128
11640
21129
11639
21130
11638
21131
11637
21132
11636
21133
11635
21134
11634
21135
11633
21136
11632
21137
11631
21138
11630
21139
11629
21140
11628
21141
11627
21142
11626
21143
11625
21144
11624
21145
11623
21146
11622
21147
11621
21148
11620
21149
11619
21150
11618
21151
11617
21152
11616
21153
11615
21154
11614
21155
11613
21156
11612
21157
11611
21158
11610
21159
11609
21160
11608
21161
11607
21162
11606
21163
11605
21164
11604
21165
11603
21166
11602
21167
11601
21168
11600
21169
11599
21170
11598
21171
11597
21172
11596
21173
11595
21174
11594
21175
11593
21176
11592
21177
11591
21178
11590
21179
11589
21180
11588
21181
11587
21182
11586
21183
11585
21184
11584
21185
11583
21186
11582
21187
11581
21188
11580
21189
11579
21190
11578
21191
11577
21192
11576
21193
11575
21194
11574
21195
11573
21196
11572
21197
11571
21198
11570
21199
11569
21200
11568
21201
11567
21202
11566
21203
11565
21204
11564
21205
11563
21206
11562
21207
11561
21208
11560
21209
11559
21210
11558
21211
11557
21212
11556
21213
11555
21214
11554
21215
11553
21216
11552
21217
11551
21218
11550
21219
11549
21220
11548
21221
11547
21222
11546
21223
11545
21224
11544
21225
11543
21226
11542
21227
11541
21228
11540
21229
11539
21230
11538
21231
11537
21232
11536
21233
11535
21234
11534
21235
11533
21236
11532
21237
11531
21238
11530
21239
11529
21240
11528
21241
11527
21242
11526
21243
11525
21244
11524
21245
11523
21246
11522
21247
11521
21248
11520
21249
11519
21250
11518
21251
11517
21252
11516
21253
11515
21254
11514
21255
11513
21256
11512
21257
11511
21258
11510
21259
11509
21260
11508
21261
11507
21262
11506
21263
11505
21264
11504
21265
11503
21266
11502
21267
11501
21268
11500
21269
11499
21270
11498
21271
11497
21272
11496
21273
11495
21274
11494
21275
11493
21276
11492
21277
11491
21278
11490
21279
11489
21280
11488
21281
11487
21282
11486
21283
11485
21284
11484
21285
11483
21286
11482
21287
11481
21288
11480
21289
11479
21290
11478
21291
11477
21292
11476
21293
11475
21294
11474
21295
11473
21296
11472
21297
11471
21298
11470
21299
11469
21300
11468
21301
11467
21302
11466
21303
11465
21304
11464
21305
11463
21306
11462
21307
11461
21308
11460
21309
11459
21310
11458
21311
11457
21312
11456
21313
11455
21314
11454
21315
11453
21316
11452
21317
11451
21318
11450
21319
11449
21320
11448
21321
11447
21322
11446
21323
11445
21324
11444
21325
11443
21326
11442
21327
11441
21328
11440
21329
11439
21330
11438
21331
11437
21332
11436
21333
11435
21334
11434
21335
11433
21336
11432
21337
11431
21338
11430
21339
11429
21340
11428
21341
11427
21342
11426
21343
11425
21344
11424
21345
11423
21346
11422
21347
11421
21348
11420
21349
11419
21350
11418
21351
11417
21352
11416
21353
11415
21354
11414
21355
11413
21356
11412
21357
11411
21358
11410
21359
11409
21360
11408
21361
11407
21362
11406
21363
11405
21364
11404
21365
11403
21366
11402
21367
11401
21368
11400
21369
11399
21370
11398
21371
11397
21372
11396
21373
11395
21374
11394
21375
11393
21376
11392
21377
11391
21378
11390
21379
11389
21380
11388
21381
11387
21382
11386
21383
11385
21384
11384
21385
11383
21386
11382
21387
11381
21388
11380
21389
11379
21390
11378
21391
11377
21392
11376
21393
11375
21394
11374
21395
11373
21396
11372
21397
11371
21398
11370
21399
11369
21400
11368
21401
11367
21402
11366
21403
11365
21404
11364
21405
11363
21406
11362
21407
11361
21408
11360
21409
11359
21410
11358
21411
11357
21412
11356
21413
11355
21414
11354
21415
11353
21416
11352
21417
11351
21418
11350
21419
11349
21420
11348
21421
11347
21422
11346
21423
11345
21424
11344
21425
11343
21426
11342
21427
11341
21428
11340
21429
11339
21430
11338
21431
11337
21432
11336
21433
11335
21434
11334
21435
11333
21436
11332
21437
11331
21438
11330
21439
11329
21440
11328
21441
11327
21442
11326
21443
11325
21444
11324
21445
11323
21446
11322
21447
11321
21448
11320
21449
11319
21450
11318
21451
11317
21452
11316
21453
11315
21454
11314
21455
11313
21456
11312
21457
11311
21458
11310
21459
11309
21460
11308
21461
11307
21462
11306
21463
11305
21464
11304
21465
11303
21466
11302
21467
11301
21468
11300
21469
11299
21470
11298
21471
11297
21472
11296
21473
11295
21474
11294
21475
11293
21476
11292
21477
11291
21478
11290
21479
11289
21480
11288
21481
11287
21482
11286
21483
11285
21484
11284
21485
11283
21486
11282
21487
11281
21488
11280
21489
11279
21490
11278
21491
11277
21492
11276
21493
11275
21494
11274
21495
11273
21496
11272
21497
11271
21498
11270
21499
11269
21500
11268
21501
11267
21502
11266
21503
11265
21504
11264
21505
11263
21506
11262
21507
11261
21508
11260
21509
11259
21510
11258
21511
11257
21512
11256
21513
11255
21514
11254
21515
11253
21516
11252
21517
11251
21518
11250
21519
11249
21520
11248
21521
11247
21522
11246
21523
11245
21524
11244
21525
11243
21526
11242
21527
11241
21528
11240
21529
11239
21530
11238
21531
11237
21532
11236
21533
11235
21534
11234
21535
11233
21536
11232
21537
11231
21538
11230
21539
11229
21540
11228
21541
11227
21542
11226
21543
11225
21544
11224
21545
11223
21546
11222
21547
11221
21548
11220
21549
11219
21550
11218
21551
11217
21552
11216
21553
11215
21554
11214
21555
11213
21556
11212
21557
11211
21558
11210
21559
11209
21560
11208
21561
11207
21562
11206
21563
11205
21564
11204
21565
11203
21566
11202
21567
11201
21568
11200
21569
11199
21570
11198
21571
11197
21572
11196
21573
11195
21574
11194
21575
11193
21576
11192
21577
11191
21578
11190
21579
11189
21580
11188
21581
11187
21582
11186
21583
11185
21584
11184
21585
11183
21586
11182
21587
11181
21588
11180
21589
11179
21590
11178
21591
11177
21592
11176
21593
11175
21594
11174
21595
11173
21596
11172
21597
11171
21598
11170
21599
11169
21600
11168
21601
11167
21602
11166
21603
11165
21604
11164
21605
11163
21606
11162
21607
11161
21608
11160
21609
11159
21610
11158
21611
11157
21612
11156
21613
11155
21614
11154
21615
11153
21616
11152
21617
11151
21618
11150
21619
11149
21620
11148
21621
11147
21622
11146
21623
11145
21624
11144
21625
11143
21626
11142
21627
11141
21628
11140
21629
11139
21630
11138
21631
11137
21632
11136
21633
11135
21634
11134
21635
11133
21636
11132
21637
11131
21638
11130
21639
11129
21640
11128
21641
11127
21642
11126
21643
11125
21644
11124
21645
11123
21646
11122
21647
11121
21648
11120
21649
11119
21650
11118
21651
11117
21652
11116
21653
11115
21654
11114
21655
11113
21656
11112
21657
11111
21658
11110
21659
11109
21660
11108
21661
11107
21662
11106
21663
11105
21664
11104
21665
11103
21666
11102
21667
11101
21668
11100
21669
11099
21670
11098
21671
11097
21672
11096
21673
11095
21674
11094
21675
11093
21676
11092
21677
11091
21678
11090
21679
11089
21680
11088
21681
11087
21682
11086
21683
11085
21684
11084
21685
11083
21686
11082
21687
11081
21688
11080
21689
11079
21690
11078
21691
11077
21692
11076
21693
11075
21694
11074
21695
11073
21696
11072
21697
11071
21698
11070
21699
11069
21700
11068
21701
11067
21702
11066
21703
11065
21704
11064
21705
11063
21706
11062
21707
11061
21708
11060
21709
11059
21710
11058
21711
11057
21712
11056
21713
11055
21714
11054
21715
11053
21716
11052
21717
11051
21718
11050
21719
11049
21720
11048
21721
11047
21722
11046
21723
11045
21724
11044
21725
11043
21726
11042
21727
11041
21728
11040
21729
11039
21730
11038
21731
11037
21732
11036
21733
11035
21734
11034
21735
11033
21736
11032
21737
11031
21738
11030
21739
11029
21740
11028
21741
11027
21742
11026
21743
11025
21744
11024
21745
11023
21746
11022
21747
11021
21748
11020
21749
11019
21750
11018
21751
11017
21752
11016
21753
11015
21754
11014
21755
11013
21756
11012
21757
11011
21758
11010
21759
11009
21760
11008
21761
11007
21762
11006
21763
11005
21764
11004
21765
11003
21766
11002
21767
11001
21768
11000
21769
10999
21770
10998
21771
10997
21772
10996
21773
10995
21774
10994
21775
10993
21776
10992
21777
10991
21778
10990
21779
10989
21780
10988
21781
10987
21782
10986
21783
10985
21784
10984
21785
10983
21786
10982
21787
10981
21788
10980
21789
10979
21790
10978
21791
10977
21792
10976
21793
10975
21794
10974
21795
10973
21796
10972
21797
10971
21798
10970
21799
10969
21800
10968
21801
10967
21802
10966
21803
10965
21804
10964
21805
10963
21806
10962
21807
10961
21808
10960
21809
10959
21810
10958
21811
10957
21812
10956
21813
10955
21814
10954
21815
10953
21816
10952
21817
10951
21818
10950
21819
10949
21820
10948
21821
10947
21822
10946
21823
10945
21824
10944
21825
10943
21826
10942
21827
10941
21828
10940
21829
10939
21830
10938
21831
10937
21832
10936
21833
10935
21834
10934
21835
10933
21836
10932
21837
10931
21838
10930
21839
10929
21840
10928
21841
10927
21842
10926
21843
10925
21844
10924
21845
10923
21846
10922
21847
10921
21848
10920
21849
10919
21850
10918
21851
10917
21852
10916
21853
10915
21854
10914
21855
10913
21856
10912
21857
10911
21858
10910
21859
10909
21860
10908
21861
10907
21862
10906
21863
10905
21864
10904
21865
10903
21866
10902
21867
10901
21868
10900
21869
10899
21870
10898
21871
10897
21872
10896
21873
10895
21874
10894
21875
10893
21876
10892
21877
10891
21878
10890
21879
10889
21880
10888
21881
10887
21882
10886
21883
10885
21884
10884
21885
10883
21886
10882
21887
10881
21888
10880
21889
10879
21890
10878
21891
10877
21892
10876
21893
10875
21894
10874
21895
10873
21896
10872
21897
10871
21898
10870
21899
10869
21900
10868
21901
10867
21902
10866
21903
10865
21904
10864
21905
10863
21906
10862
21907
10861
21908
10860
21909
10859
21910
10858
21911
10857
21912
10856
21913
10855
21914
10854
21915
10853
21916
10852
21917
10851
21918
10850
21919
10849
21920
10848
21921
10847
21922
10846
21923
10845
21924
10844
21925
10843
21926
10842
21927
10841
21928
10840
21929
10839
21930
10838
21931
10837
21932
10836
21933
10835
21934
10834
21935
10833
21936
10832
21937
10831
21938
10830
21939
10829
21940
10828
21941
10827
21942
10826
21943
10825
21944
10824
21945
10823
21946
10822
21947
10821
21948
10820
21949
10819
21950
10818
21951
10817
21952
10816
21953
10815
21954
10814
21955
10813
21956
10812
21957
10811
21958
10810
21959
10809
21960
10808
21961
10807
21962
10806
21963
10805
21964
10804
21965
10803
21966
10802
21967
10801
21968
10800
21969
10799
21970
10798
21971
10797
21972
10796
21973
10795
21974
10794
21975
10793
21976
10792
21977
10791
21978
10790
21979
10789
21980
10788
21981
10787
21982
10786
21983
10785
21984
10784
21985
10783
21986
10782
21987
10781
21988
10780
21989
10779
21990
10778
21991
10777
21992
10776
21993
10775
21994
10774
21995
10773
21996
10772
21997
10771
21998
10770
21999
10769
22000
10768
22001
10767
22002
10766
22003
10765
22004
10764
22005
10763
22006
10762
22007
10761
22008
10760
22009
10759
22010
10758
22011
10757
22012
10756
22013
10755
22014
10754
22015
10753
22016
10752
22017
10751
22018
10750
22019
10749
22020
10748
22021
10747
22022
10746
22023
10745
22024
10744
22025
10743
22026
10742
22027
10741
22028
10740
22029
10739
22030
10738
22031
10737
22032
10736
22033
10735
22034
10734
22035
10733
22036
10732
22037
10731
22038
10730
22039
10729
22040
10728
22041
10727
22042
10726
22043
10725
22044
10724
22045
10723
22046
10722
22047
10721
22048
10720
22049
10719
22050
10718
22051
10717
22052
10716
22053
10715
22054
10714
22055
10713
22056
10712
22057
10711
22058
10710
22059
10709
22060
10708
22061
10707
22062
10706
22063
10705
22064
10704
22065
10703
22066
10702
22067
10701
22068
10700
22069
10699
22070
10698
22071
10697
22072
10696
22073
10695
22074
10694
22075
10693
22076
10692
22077
10691
22078
10690
22079
10689
22080
10688
22081
10687
22082
10686
22083
10685
22084
10684
22085
10683
22086
10682
22087
10681
22088
10680
22089
10679
22090
10678
22091
10677
22092
10676
22093
10675
22094
10674
22095
10673
22096
10672
22097
10671
22098
10670
22099
10669
22100
10668
22101
10667
22102
10666
22103
10665
22104
10664
22105
10663
22106
10662
22107
10661
22108
10660
22109
10659
22110
10658
22111
10657
22112
10656
22113
10655
22114
10654
22115
10653
22116
10652
22117
10651
22118
10650
22119
10649
22120
10648
22121
10647
22122
10646
22123
10645
22124
10644
22125
10643
22126
10642
22127
10641
22128
10640
22129
10639
22130
10638
22131
10637
22132
10636
22133
10635
22134
10634
22135
10633
22136
10632
22137
10631
22138
10630
22139
10629
22140
10628
22141
10627
22142
10626
22143
10625
22144
10624
22145
10623
22146
10622
22147
10621
22148
10620
22149
10619
22150
10618
22151
10617
22152
10616
22153
10615
22154
10614
22155
10613
22156
10612
22157
10611
22158
10610
22159
10609
22160
10608
22161
10607
22162
10606
22163
10605
22164
10604
22165
10603
22166
10602
22167
10601
22168
10600
22169
10599
22170
10598
22171
10597
22172
10596
22173
10595
22174
10594
22175
10593
22176
10592
22177
10591
22178
10590
22179
10589
22180
10588
22181
10587
22182
10586
22183
10585
22184
10584
22185
10583
22186
10582
22187
10581
22188
10580
22189
10579
22190
10578
22191
10577
22192
10576
22193
10575
22194
10574
22195
10573
22196
10572
22197
10571
22198
10570
22199
10569
22200
10568
22201
10567
22202
10566
22203
10565
22204
10564
22205
10563
22206
10562
22207
10561
22208
10560
22209
10559
22210
10558
22211
10557
22212
10556
22213
10555
22214
10554
22215
10553
22216
10552
22217
10551
22218
10550
22219
10549
22220
10548
22221
10547
22222
10546
22223
10545
22224
10544
22225
10543
22226
10542
22227
10541
22228
10540
22229
10539
22230
10538
22231
10537
22232
10536
22233
10535
22234
10534
22235
10533
22236
10532
22237
10531
22238
10530
22239
10529
22240
10528
22241
10527
22242
10526
22243
10525
22244
10524
22245
10523
22246
10522
22247
10521
22248
10520
22249
10519
22250
10518
22251
10517
22252
10516
22253
10515
22254
10514
22255
10513
22256
10512
22257
10511
22258
10510
22259
10509
22260
10508
22261
10507
22262
10506
22263
10505
22264
10504
22265
10503
22266
10502
22267
10501
22268
10500
22269
10499
22270
10498
22271
10497
22272
10496
22273
10495
22274
10494
22275
10493
22276
10492
22277
10491
22278
10490
22279
10489
22280
10488
22281
10487
22282
10486
22283
10485
22284
10484
22285
10483
22286
10482
22287
10481
22288
10480
22289
10479
22290
10478
22291
10477
22292
10476
22293
10475
22294
10474
22295
10473
22296
10472
22297
10471
22298
10470
22299
10469
22300
10468
22301
10467
22302
10466
22303
10465
22304
10464
22305
10463
22306
10462
22307
10461
22308
10460
22309
10459
22310
10458
22311
10457
22312
10456
22313
10455
22314
10454
22315
10453
22316
10452
22317
10451
22318
10450
22319
10449
22320
10448
22321
10447
22322
10446
22323
10445
22324
10444
22325
10443
22326
10442
22327
10441
22328
10440
22329
10439
22330
10438
22331
10437
22332
10436
22333
10435
22334
10434
22335
10433
22336
10432
22337
10431
22338
10430
22339
10429
22340
10428
22341
10427
22342
10426
22343
10425
22344
10424
22345
10423
22346
10422
22347
10421
22348
10420
22349
10419
22350
10418
22351
10417
22352
10416
22353
10415
22354
10414
22355
10413
22356
10412
22357
10411
22358
10410
22359
10409
22360
10408
22361
10407
22362
10406
22363
10405
22364
10404
22365
10403
22366
10402
22367
10401
22368
10400
22369
10399
22370
10398
22371
10397
22372
10396
22373
10395
22374
10394
22375
10393
22376
10392
22377
10391
22378
10390
22379
10389
22380
10388
22381
10387
22382
10386
22383
10385
22384
10384
22385
10383
22386
10382
22387
10381
22388
10380
22389
10379
22390
10378
22391
10377
22392
10376
22393
10375
22394
10374
22395
10373
22396
10372
22397
10371
22398
10370
22399
10369
22400
10368
22401
10367
22402
10366
22403
10365
22404
10364
22405
10363
22406
10362
22407
10361
22408
10360
22409
10359
22410
10358
22411
10357
22412
10356
22413
10355
22414
10354
22415
10353
22416
10352
22417
10351
22418
10350
22419
10349
22420
10348
22421
10347
22422
10346
22423
10345
22424
10344
22425
10343
22426
10342
22427
10341
22428
10340
22429
10339
22430
10338
22431
10337
22432
10336
22433
10335
22434
10334
22435
10333
22436
10332
22437
10331
22438
10330
22439
10329
22440
10328
22441
10327
22442
10326
22443
10325
22444
10324
22445
10323
22446
10322
22447
10321
22448
10320
22449
10319
22450
10318
22451
10317
22452
10316
22453
10315
22454
10314
22455
10313
22456
10312
22457
10311
22458
10310
22459
10309
22460
10308
22461
10307
22462
10306
22463
10305
22464
10304
22465
10303
22466
10302
22467
10301
22468
10300
22469
10299
22470
10298
22471
10297
22472
10296
22473
10295
22474
10294
22475
10293
22476
10292
22477
10291
22478
10290
22479
10289
22480
10288
22481
10287
22482
10286
22483
10285
22484
10284
22485
10283
22486
10282
22487
10281
22488
10280
22489
10279
22490
10278
22491
10277
22492
10276
22493
10275
22494
10274
22495
10273
22496
10272
22497
10271
22498
10270
22499
10269
22500
10268
22501
10267
22502
10266
22503
10265
22504
10264
22505
10263
22506
10262
22507
10261
22508
10260
22509
10259
22510
10258
22511
10257
22512
10256
22513
10255
22514
10254
22515
10253
22516
10252
22517
10251
22518
10250
22519
10249
22520
10248
22521
10247
22522
10246
22523
10245
22524
10244
22525
10243
22526
10242
22527
10241
22528
10240
22529
10239
22530
10238
22531
10237
22532
10236
22533
10235
22534
10234
22535
10233
22536
10232
22537
10231
22538
10230
22539
10229
22540
10228
22541
10227
22542
10226
22543
10225
22544
10224
22545
10223
22546
10222
22547
10221
22548
10220
22549
10219
22550
10218
22551
10217
22552
10216
22553
10215
22554
10214
22555
10213
22556
10212
22557
10211
22558
10210
22559
10209
22560
10208
22561
10207
22562
10206
22563
10205
22564
10204
22565
10203
22566
10202
22567
10201
22568
10200
22569
10199
22570
10198
22571
10197
22572
10196
22573
10195
22574
10194
22575
10193
22576
10192
22577
10191
22578
10190
22579
10189
22580
10188
22581
10187
22582
10186
22583
10185
22584
10184
22585
10183
22586
10182
22587
10181
22588
10180
22589
10179
22590
10178
22591
10177
22592
10176
22593
10175
22594
10174
22595
10173
22596
10172
22597
10171
22598
10170
22599
10169
22600
10168
22601
10167
22602
10166
22603
10165
22604
10164
22605
10163
22606
10162
22607
10161
22608
10160
22609
10159
22610
10158
22611
10157
22612
10156
22613
10155
22614
10154
22615
10153
22616
10152
22617
10151
22618
10150
22619
10149
22620
10148
22621
10147
22622
10146
22623
10145
22624
10144
22625
10143
22626
10142
22627
10141
22628
10140
22629
10139
22630
10138
22631
10137
22632
10136
22633
10135
22634
10134
22635
10133
22636
10132
22637
10131
22638
10130
22639
10129
22640
10128
22641
10127
22642
10126
22643
10125
22644
10124
22645
10123
22646
10122
22647
10121
22648
10120
22649
10119
22650
10118
22651
10117
22652
10116
22653
10115
22654
10114
22655
10113
22656
10112
22657
10111
22658
10110
22659
10109
22660
10108
22661
10107
22662
10106
22663
10105
22664
10104
22665
10103
22666
10102
22667
10101
22668
10100
22669
10099
22670
10098
22671
10097
22672
10096
22673
10095
22674
10094
22675
10093
22676
10092
22677
10091
22678
10090
22679
10089
22680
10088
22681
10087
22682
10086
22683
10085
22684
10084
22685
10083
22686
10082
22687
10081
22688
10080
22689
10079
22690
10078
22691
10077
22692
10076
22693
10075
22694
10074
22695
10073
22696
10072
22697
10071
22698
10070
22699
10069
22700
10068
22701
10067
22702
10066
22703
10065
22704
10064
22705
10063
22706
10062
22707
10061
22708
10060
22709
10059
22710
10058
22711
10057
22712
10056
22713
10055
22714
10054
22715
10053
22716
10052
22717
10051
22718
10050
22719
10049
22720
10048
22721
10047
22722
10046
22723
10045
22724
10044
22725
10043
22726
10042
22727
10041
22728
10040
22729
10039
22730
10038
22731
10037
22732
10036
22733
10035
22734
10034
22735
10033
22736
10032
22737
10031
22738
10030
22739
10029
22740
10028
22741
10027
22742
10026
22743
10025
22744
10024
22745
10023
22746
10022
22747
10021
22748
10020
22749
10019
22750
10018
22751
10017
22752
10016
22753
10015
22754
10014
22755
10013
22756
10012
22757
10011
22758
10010
22759
10009
22760
10008
22761
10007
22762
10006
22763
10005
22764
10004
22765
10003
22766
10002
22767
10001
22768
10000
22769
9999
22770
9998
22771
9997
22772
9996
22773
9995
22774
9994
22775
9993
22776
9992
22777
9991
22778
9990
22779
9989
22780
9988
22781
9987
22782
9986
22783
9985
22784
9984
22785
9983
22786
9982
22787
9981
22788
9980
22789
9979
22790
9978
22791
9977
22792
9976
22793
9975
22794
9974
22795
9973
22796
9972
22797
9971
22798
9970
22799
9969
22800
9968
22801
9967
22802
9966
22803
9965
22804
9964
22805
9963
22806
9962
22807
9961
22808
9960
22809
9959
22810
9958
22811
9957
22812
9956
22813
9955
22814
9954
22815
9953
22816
9952
22817
9951
22818
9950
22819
9949
22820
9948
22821
9947
22822
9946
22823
9945
22824
9944
22825
9943
22826
9942
22827
9941
22828
9940
22829
9939
22830
9938
22831
9937
22832
9936
22833
9935
22834
9934
22835
9933
22836
9932
22837
9931
22838
9930
22839
9929
22840
9928
22841
9927
22842
9926
22843
9925
22844
9924
22845
9923
22846
9922
22847
9921
22848
9920
22849
9919
22850
9918
22851
9917
22852
9916
22853
9915
22854
9914
22855
9913
22856
9912
22857
9911
22858
9910
22859
9909
22860
9908
22861
9907
22862
9906
22863
9905
22864
9904
22865
9903
22866
9902
22867
9901
22868
9900
22869
9899
22870
9898
22871
9897
22872
9896
22873
9895
22874
9894
22875
9893
22876
9892
22877
9891
22878
9890
22879
9889
22880
9888
22881
9887
22882
9886
22883
9885
22884
9884
22885
9883
22886
9882
22887
9881
22888
9880
22889
9879
22890
9878
22891
9877
22892
9876
22893
9875
22894
9874
22895
9873
22896
9872
22897
9871
22898
9870
22899
9869
22900
9868
22901
9867
22902
9866
22903
9865
22904
9864
22905
9863
22906
9862
22907
9861
22908
9860
22909
9859
22910
9858
22911
9857
22912
9856
22913
9855
22914
9854
22915
9853
22916
9852
22917
9851
22918
9850
22919
9849
22920
9848
22921
9847
22922
9846
22923
9845
22924
9844
22925
9843
22926
9842
22927
9841
22928
9840
22929
9839
22930
9838
22931
9837
22932
9836
22933
9835
22934
9834
22935
9833
22936
9832
22937
9831
22938
9830
22939
9829
22940
9828
22941
9827
22942
9826
22943
9825
22944
9824
22945
9823
22946
9822
22947
9821
22948
9820
22949
9819
22950
9818
22951
9817
22952
9816
22953
9815
22954
9814
22955
9813
22956
9812
22957
9811
22958
9810
22959
9809
22960
9808
22961
9807
22962
9806
22963
9805
22964
9804
22965
9803
22966
9802
22967
9801
22968
9800
22969
9799
22970
9798
22971
9797
22972
9796
22973
9795
22974
9794
22975
9793
22976
9792
22977
9791
22978
9790
22979
9789
22980
9788
22981
9787
22982
9786
22983
9785
22984
9784
22985
9783
22986
9782
22987
9781
22988
9780
22989
9779
22990
9778
22991
9777
22992
9776
22993
9775
22994
9774
22995
9773
22996
9772
22997
9771
22998
9770
22999
9769
23000
9768
23001
9767
23002
9766
23003
9765
23004
9764
23005
9763
23006
9762
23007
9761
23008
9760
23009
9759
23010
9758
23011
9757
23012
9756
23013
9755
23014
9754
23015
9753
23016
9752
23017
9751
23018
9750
23019
9749
23020
9748
23021
9747
23022
9746
23023
9745
23024
9744
23025
9743
23026
9742
23027
9741
23028
9740
23029
9739
23030
9738
23031
9737
23032
9736
23033
9735
23034
9734
23035
9733
23036
9732
23037
9731
23038
9730
23039
9729
23040
9728
23041
9727
23042
9726
23043
9725
23044
9724
23045
9723
23046
9722
23047
9721
23048
9720
23049
9719
23050
9718
23051
9717
23052
9716
23053
9715
23054
9714
23055
9713
23056
9712
23057
9711
23058
9710
23059
9709
23060
9708
23061
9707
23062
9706
23063
9705
23064
9704
23065
9703
23066
9702
23067
9701
23068
9700
23069
9699
23070
9698
23071
9697
23072
9696
23073
9695
23074
9694
23075
9693
23076
9692
23077
9691
23078
9690
23079
9689
23080
9688
23081
9687
23082
9686
23083
9685
23084
9684
23085
9683
23086
9682
23087
9681
23088
9680
23089
9679
23090
9678
23091
9677
23092
9676
23093
9675
23094
9674
23095
9673
23096
9672
23097
9671
23098
9670
23099
9669
23100
9668
23101
9667
23102
9666
23103
9665
23104
9664
23105
9663
23106
9662
23107
9661
23108
9660
23109
9659
23110
9658
23111
9657
23112
9656
23113
9655
23114
9654
23115
9653
23116
9652
23117
9651
23118
9650
23119
9649
23120
9648
23121
9647
23122
9646
23123
9645
23124
9644
23125
9643
23126
9642
23127
9641
23128
9640
23129
9639
23130
9638
23131
9637
23132
9636
23133
9635
23134
9634
23135
9633
23136
9632
23137
9631
23138
9630
23139
9629
23140
9628
23141
9627
23142
9626
23143
9625
23144
9624
23145
9623
23146
9622
23147
9621
23148
9620
23149
9619
23150
9618
23151
9617
23152
9616
23153
9615
23154
9614
23155
9613
23156
9612
23157
9611
23158
9610
23159
9609
23160
9608
23161
9607
23162
9606
23163
9605
23164
9604
23165
9603
23166
9602
23167
9601
23168
9600
23169
9599
23170
9598
23171
9597
23172
9596
23173
9595
23174
9594
23175
9593
23176
9592
23177
9591
23178
9590
23179
9589
23180
9588
23181
9587
23182
9586
23183
9585
23184
9584
23185
9583
23186
9582
23187
9581
23188
9580
23189
9579
23190
9578
23191
9577
23192
9576
23193
9575
23194
9574
23195
9573
23196
9572
23197
9571
23198
9570
23199
9569
23200
9568
23201
9567
23202
9566
23203
9565
23204
9564
23205
9563
23206
9562
23207
9561
23208
9560
23209
9559
23210
9558
23211
9557
23212
9556
23213
9555
23214
9554
23215
9553
23216
9552
23217
9551
23218
9550
23219
9549
23220
9548
23221
9547
23222
9546
23223
9545
23224
9544
23225
9543
23226
9542
23227
9541
23228
9540
23229
9539
23230
9538
23231
9537
23232
9536
23233
9535
23234
9534
23235
9533
23236
9532
23237
9531
23238
9530
23239
9529
23240
9528
23241
9527
23242
9526
23243
9525
23244
9524
23245
9523
23246
9522
23247
9521
23248
9520
23249
9519
23250
9518
23251
9517
23252
9516
23253
9515
23254
9514
23255
9513
23256
9512
23257
9511
23258
9510
23259
9509
23260
9508
23261
9507
23262
9506
23263
9505
23264
9504
23265
9503
23266
9502
23267
9501
23268
9500
23269
9499
23270
9498
23271
9497
23272
9496
23273
9495
23274
9494
23275
9493
23276
9492
23277
9491
23278
9490
23279
9489
23280
9488
23281
9487
23282
9486
23283
9485
23284
9484
23285
9483
23286
9482
23287
9481
23288
9480
23289
9479
23290
9478
23291
9477
23292
9476
23293
9475
23294
9474
23295
9473
23296
9472
23297
9471
23298
9470
23299
9469
23300
9468
23301
9467
23302
9466
23303
9465
23304
9464
23305
9463
23306
9462
23307
9461
23308
9460
23309
9459
23310
9458
23311
9457
23312
9456
23313
9455
23314
9454
23315
9453
23316
9452
23317
9451
23318
9450
23319
9449
23320
9448
23321
9447
23322
9446
23323
9445
23324
9444
23325
9443
23326
9442
23327
9441
23328
9440
23329
9439
23330
9438
23331
9437
23332
9436
23333
9435
23334
9434
23335
9433
23336
9432
23337
9431
23338
9430
23339
9429
23340
9428
23341
9427
23342
9426
23343
9425
23344
9424
23345
9423
23346
9422
23347
9421
23348
9420
23349
9419
23350
9418
23351
9417
23352
9416
23353
9415
23354
9414
23355
9413
23356
9412
23357
9411
23358
9410
23359
9409
23360
9408
23361
9407
23362
9406
23363
9405
23364
9404
23365
9403
23366
9402
23367
9401
23368
9400
23369
9399
23370
9398
23371
9397
23372
9396
23373
9395
23374
9394
23375
9393
23376
9392
23377
9391
23378
9390
23379
9389
23380
9388
23381
9387
23382
9386
23383
9385
23384
9384
23385
9383
23386
9382
23387
9381
23388
9380
23389
9379
23390
9378
23391
9377
23392
9376
23393
9375
23394
9374
23395
9373
23396
9372
23397
9371
23398
9370
23399
9369
23400
9368
23401
9367
23402
9366
23403
9365
23404
9364
23405
9363
23406
9362
23407
9361
23408
9360
23409
9359
23410
9358
23411
9357
23412
9356
23413
9355
23414
9354
23415
9353
23416
9352
23417
9351
23418
9350
23419
9349
23420
9348
23421
9347
23422
9346
23423
9345
23424
9344
23425
9343
23426
9342
23427
9341
23428
9340
23429
9339
23430
9338
23431
9337
23432
9336
23433
9335
23434
9334
23435
9333
23436
9332
23437
9331
23438
9330
23439
9329
23440
9328
23441
9327
23442
9326
23443
9325
23444
9324
23445
9323
23446
9322
23447
9321
23448
9320
23449
9319
23450
9318
23451
9317
23452
9316
23453
9315
23454
9314
23455
9313
23456
9312
23457
9311
23458
9310
23459
9309
23460
9308
23461
9307
23462
9306
23463
9305
23464
9304
23465
9303
23466
9302
23467
9301
23468
9300
23469
9299
23470
9298
23471
9297
23472
9296
23473
9295
23474
9294
23475
9293
23476
9292
23477
9291
23478
9290
23479
9289
23480
9288
23481
9287
23482
9286
23483
9285
23484
9284
23485
9283
23486
9282
23487
9281
23488
9280
23489
9279
23490
9278
23491
9277
23492
9276
23493
9275
23494
9274
23495
9273
23496
9272
23497
9271
23498
9270
23499
9269
23500
9268
23501
9267
23502
9266
23503
9265
23504
9264
23505
9263
23506
9262
23507
9261
23508
9260
23509
9259
23510
9258
23511
9257
23512
9256
23513
9255
23514
9254
23515
9253
23516
9252
23517
9251
23518
9250
23519
9249
23520
9248
23521
9247
23522
9246
23523
9245
23524
9244
23525
9243
23526
9242
23527
9241
23528
9240
23529
9239
23530
9238
23531
9237
23532
9236
23533
9235
23534
9234
23535
9233
23536
9232
23537
9231
23538
9230
23539
9229
23540
9228
23541
9227
23542
9226
23543
9225
23544
9224
23545
9223
23546
9222
23547
9221
23548
9220
23549
9219
23550
9218
23551
9217
23552
9216
23553
9215
23554
9214
23555
9213
23556
9212
23557
9211
23558
9210
23559
9209
23560
9208
23561
9207
23562
9206
23563
9205
23564
9204
23565
9203
23566
9202
23567
9201
23568
9200
23569
9199
23570
9198
23571
9197
23572
9196
23573
9195
23574
9194
23575
9193
23576
9192
23577
9191
23578
9190
23579
9189
23580
9188
23581
9187
23582
9186
23583
9185
23584
9184
23585
9183
23586
9182
23587
9181
23588
9180
23589
9179
23590
9178
23591
9177
23592
9176
23593
9175
23594
9174
23595
9173
23596
9172
23597
9171
23598
9170
23599
9169
23600
9168
23601
9167
23602
9166
23603
9165
23604
9164
23605
9163
23606
9162
23607
9161
23608
9160
23609
9159
23610
9158
23611
9157
23612
9156
23613
9155
23614
9154
23615
9153
23616
9152
23617
9151
23618
9150
23619
9149
23620
9148
23621
9147
23622
9146
23623
9145
23624
9144
23625
9143
23626
9142
23627
9141
23628
9140
23629
9139
23630
9138
23631
9137
23632
9136
23633
9135
23634
9134
23635
9133
23636
9132
23637
9131
23638
9130
23639
9129
23640
9128
23641
9127
23642
9126
23643
9125
23644
9124
23645
9123
23646
9122
23647
9121
23648
9120
23649
9119
23650
9118
23651
9117
23652
9116
23653
9115
23654
9114
23655
9113
23656
9112
23657
9111
23658
9110
23659
9109
23660
9108
23661
9107
23662
9106
23663
9105
23664
9104
23665
9103
23666
9102
23667
9101
23668
9100
23669
9099
23670
9098
23671
9097
23672
9096
23673
9095
23674
9094
23675
9093
23676
9092
23677
9091
23678
9090
23679
9089
23680
9088
23681
9087
23682
9086
23683
9085
23684
9084
23685
9083
23686
9082
23687
9081
23688
9080
23689
9079
23690
9078
23691
9077
23692
9076
23693
9075
23694
9074
23695
9073
23696
9072
23697
9071
23698
9070
23699
9069
23700
9068
23701
9067
23702
9066
23703
9065
23704
9064
23705
9063
23706
9062
23707
9061
23708
9060
23709
9059
23710
9058
23711
9057
23712
9056
23713
9055
23714
9054
23715
9053
23716
9052
23717
9051
23718
9050
23719
9049
23720
9048
23721
9047
23722
9046
23723
9045
23724
9044
23725
9043
23726
9042
23727
9041
23728
9040
23729
9039
23730
9038
23731
9037
23732
9036
23733
9035
23734
9034
23735
9033
23736
9032
23737
9031
23738
9030
23739
9029
23740
9028
23741
9027
23742
9026
23743
9025
23744
9024
23745
9023
23746
9022
23747
9021
23748
9020
23749
9019
23750
9018
23751
9017
23752
9016
23753
9015
23754
9014
23755
9013
23756
9012
23757
9011
23758
9010
23759
9009
23760
9008
23761
9007
23762
9006
23763
9005
23764
9004
23765
9003
23766
9002
23767
9001
23768
9000
23769
8999
23770
8998
23771
8997
23772
8996
23773
8995
23774
8994
23775
8993
23776
8992
23777
8991
23778
8990
23779
8989
23780
8988
23781
8987
23782
8986
23783
8985
23784
8984
23785
8983
23786
8982
23787
8981
23788
8980
23789
8979
23790
8978
23791
8977
23792
8976
23793
8975
23794
8974
23795
8973
23796
8972
23797
8971
23798
8970
23799
8969
23800
8968
23801
8967
23802
8966
23803
8965
23804
8964
23805
8963
23806
8962
23807
8961
23808
8960
23809
8959
23810
8958
23811
8957
23812
8956
23813
8955
23814
8954
23815
8953
23816
8952
23817
8951
23818
8950
23819
8949
23820
8948
23821
8947
23822
8946
23823
8945
23824
8944
23825
8943
23826
8942
23827
8941
23828
8940
23829
8939
23830
8938
23831
8937
23832
8936
23833
8935
23834
8934
23835
8933
23836
8932
23837
8931
23838
8930
23839
8929
23840
8928
23841
8927
23842
8926
23843
8925
23844
8924
23845
8923
23846
8922
23847
8921
23848
8920
23849
8919
23850
8918
23851
8917
23852
8916
23853
8915
23854
8914
23855
8913
23856
8912
23857
8911
23858
8910
23859
8909
23860
8908
23861
8907
23862
8906
23863
8905
23864
8904
23865
8903
23866
8902
23867
8901
23868
8900
23869
8899
23870
8898
23871
8897
23872
8896
23873
8895
23874
8894
23875
8893
23876
8892
23877
8891
23878
8890
23879
8889
23880
8888
23881
8887
23882
8886
23883
8885
23884
8884
23885
8883
23886
8882
23887
8881
23888
8880
23889
8879
23890
8878
23891
8877
23892
8876
23893
8875
23894
8874
23895
8873
23896
8872
23897
8871
23898
8870
23899
8869
23900
8868
23901
8867
23902
8866
23903
8865
23904
8864
23905
8863
23906
8862
23907
8861
23908
8860
23909
8859
23910
8858
23911
8857
23912
8856
23913
8855
23914
8854
23915
8853
23916
8852
23917
8851
23918
8850
23919
8849
23920
8848
23921
8847
23922
8846
23923
8845
23924
8844
23925
8843
23926
8842
23927
8841
23928
8840
23929
8839
23930
8838
23931
8837
23932
8836
23933
8835
23934
8834
23935
8833
23936
8832
23937
8831
23938
8830
23939
8829
23940
8828
23941
8827
23942
8826
23943
8825
23944
8824
23945
8823
23946
8822
23947
8821
23948
8820
23949
8819
23950
8818
23951
8817
23952
8816
23953
8815
23954
8814
23955
8813
23956
8812
23957
8811
23958
8810
23959
8809
23960
8808
23961
8807
23962
8806
23963
8805
23964
8804
23965
8803
23966
8802
23967
8801
23968
8800
23969
8799
23970
8798
23971
8797
23972
8796
23973
8795
23974
8794
23975
8793
23976
8792
23977
8791
23978
8790
23979
8789
23980
8788
23981
8787
23982
8786
23983
8785
23984
8784
23985
8783
23986
8782
23987
8781
23988
8780
23989
8779
23990
8778
23991
8777
23992
8776
23993
8775
23994
8774
23995
8773
23996
8772
23997
8771
23998
8770
23999
8769
24000
8768
24001
8767
24002
8766
24003
8765
24004
8764
24005
8763
24006
8762
24007
8761
24008
8760
24009
8759
24010
8758
24011
8757
24012
8756
24013
8755
24014
8754
24015
8753
24016
8752
24017
8751
24018
8750
24019
8749
24020
8748
24021
8747
24022
8746
24023
8745
24024
8744
24025
8743
24026
8742
24027
8741
24028
8740
24029
8739
24030
8738
24031
8737
24032
8736
24033
8735
24034
8734
24035
8733
24036
8732
24037
8731
24038
8730
24039
8729
24040
8728
24041
8727
24042
8726
24043
8725
24044
8724
24045
8723
24046
8722
24047
8721
24048
8720
24049
8719
24050
8718
24051
8717
24052
8716
24053
8715
24054
8714
24055
8713
24056
8712
24057
8711
24058
8710
24059
8709
24060
8708
24061
8707
24062
8706
24063
8705
24064
8704
24065
8703
24066
8702
24067
8701
24068
8700
24069
8699
24070
8698
24071
8697
24072
8696
24073
8695
24074
8694
24075
8693
24076
8692
24077
8691
24078
8690
24079
8689
24080
8688
24081
8687
24082
8686
24083
8685
24084
8684
24085
8683
24086
8682
24087
8681
24088
8680
24089
8679
24090
8678
24091
8677
24092
8676
24093
8675
24094
8674
24095
8673
24096
8672
24097
8671
24098
8670
24099
8669
24100
8668
24101
8667
24102
8666
24103
8665
24104
8664
24105
8663
24106
8662
24107
8661
24108
8660
24109
8659
24110
8658
24111
8657
24112
8656
24113
8655
24114
8654
24115
8653
24116
8652
24117
8651
24118
8650
24119
8649
24120
8648
24121
8647
24122
8646
24123
8645
24124
8644
24125
8643
24126
8642
24127
8641
24128
8640
24129
8639
24130
8638
24131
8637
24132
8636
24133
8635
24134
8634
24135
8633
24136
8632
24137
8631
24138
8630
24139
8629
24140
8628
24141
8627
24142
8626
24143
8625
24144
8624
24145
8623
24146
8622
24147
8621
24148
8620
24149
8619
24150
8618
24151
8617
24152
8616
24153
8615
24154
8614
24155
8613
24156
8612
24157
8611
24158
8610
24159
8609
24160
8608
24161
8607
24162
8606
24163
8605
24164
8604
24165
8603
24166
8602
24167
8601
24168
8600
24169
8599
24170
8598
24171
8597
24172
8596
24173
8595
24174
8594
24175
8593
24176
8592
24177
8591
24178
8590
24179
8589
24180
8588
24181
8587
24182
8586
24183
8585
24184
8584
24185
8583
24186
8582
24187
8581
24188
8580
24189
8579
24190
8578
24191
8577
24192
8576
24193
8575
24194
8574
24195
8573
24196
8572
24197
8571
24198
8570
24199
8569
24200
8568
24201
8567
24202
8566
24203
8565
24204
8564
24205
8563
24206
8562
24207
8561
24208
8560
24209
8559
24210
8558
24211
8557
24212
8556
24213
8555
24214
8554
24215
8553
24216
8552
24217
8551
24218
8550
24219
8549
24220
8548
24221
8547
24222
8546
24223
8545
24224
8544
24225
8543
24226
8542
24227
8541
24228
8540
24229
8539
24230
8538
24231
8537
24232
8536
24233
8535
24234
8534
24235
8533
24236
8532
24237
8531
24238
8530
24239
8529
24240
8528
24241
8527
24242
8526
24243
8525
24244
8524
24245
8523
24246
8522
24247
8521
24248
8520
24249
8519
24250
8518
24251
8517
24252
8516
24253
8515
24254
8514
24255
8513
24256
8512
24257
8511
24258
8510
24259
8509
24260
8508
24261
8507
24262
8506
24263
8505
24264
8504
24265
8503
24266
8502
24267
8501
24268
8500
24269
8499
24270
8498
24271
8497
24272
8496
24273
8495
24274
8494
24275
8493
24276
8492
24277
8491
24278
8490
24279
8489
24280
8488
24281
8487
24282
8486
24283
8485
24284
8484
24285
8483
24286
8482
24287
8481
24288
8480
24289
8479
24290
8478
24291
8477
24292
8476
24293
8475
24294
8474
24295
8473
24296
8472
24297
8471
24298
8470
24299
8469
24300
8468
24301
8467
24302
8466
24303
8465
24304
8464
24305
8463
24306
8462
24307
8461
24308
8460
24309
8459
24310
8458
24311
8457
24312
8456
24313
8455
24314
8454
24315
8453
24316
8452
24317
8451
24318
8450
24319
8449
24320
8448
24321
8447
24322
8446
24323
8445
24324
8444
24325
8443
24326
8442
24327
8441
24328
8440
24329
8439
24330
8438
24331
8437
24332
8436
24333
8435
24334
8434
24335
8433
24336
8432
24337
8431
24338
8430
24339
8429
24340
8428
24341
8427
24342
8426
24343
8425
24344
8424
24345
8423
24346
8422
24347
8421
24348
8420
24349
8419
24350
8418
24351
8417
24352
8416
24353
8415
24354
8414
24355
8413
24356
8412
24357
8411
24358
8410
24359
8409
24360
8408
24361
8407
24362
8406
24363
8405
24364
8404
24365
8403
24366
8402
24367
8401
24368
8400
24369
8399
24370
8398
24371
8397
24372
8396
24373
8395
24374
8394
24375
8393
24376
8392
24377
8391
24378
8390
24379
8389
24380
8388
24381
8387
24382
8386
24383
8385
24384
8384
24385
8383
24386
8382
24387
8381
24388
8380
24389
8379
24390
8378
24391
8377
24392
8376
24393
8375
24394
8374
24395
8373
24396
8372
24397
8371
24398
8370
24399
8369
24400
8368
24401
8367
24402
8366
24403
8365
24404
8364
24405
8363
24406
8362
24407
8361
24408
8360
24409
8359
24410
8358
24411
8357
24412
8356
24413
8355
24414
8354
24415
8353
24416
8352
24417
8351
24418
8350
24419
8349
24420
8348
24421
8347
24422
8346
24423
8345
24424
8344
24425
8343
24426
8342
24427
8341
24428
8340
24429
8339
24430
8338
24431
8337
24432
8336
24433
8335
24434
8334
24435
8333
24436
8332
24437
8331
24438
8330
24439
8329
24440
8328
24441
8327
24442
8326
24443
8325
24444
8324
24445
8323
24446
8322
24447
8321
24448
8320
24449
8319
24450
8318
24451
8317
24452
8316
24453
8315
24454
8314
24455
8313
24456
8312
24457
8311
24458
8310
24459
8309
24460
8308
24461
8307
24462
8306
24463
8305
24464
8304
24465
8303
24466
8302
24467
8301
24468
8300
24469
8299
24470
8298
24471
8297
24472
8296
24473
8295
24474
8294
24475
8293
24476
8292
24477
8291
24478
8290
24479
8289
24480
8288
24481
8287
24482
8286
24483
8285
24484
8284
24485
8283
24486
8282
24487
8281
24488
8280
24489
8279
24490
8278
24491
8277
24492
8276
24493
8275
24494
8274
24495
8273
24496
8272
24497
8271
24498
8270
24499
8269
24500
8268
24501
8267
24502
8266
24503
8265
24504
8264
24505
8263
24506
8262
24507
8261
24508
8260
24509
8259
24510
8258
24511
8257
24512
8256
24513
8255
24514
8254
24515
8253
24516
8252
24517
8251
24518
8250
24519
8249
24520
8248
24521
8247
24522
8246
24523
8245
24524
8244
24525
8243
24526
8242
24527
8241
24528
8240
24529
8239
24530
8238
24531
8237
24532
8236
24533
8235
24534
8234
24535
8233
24536
8232
24537
8231
24538
8230
24539
8229
24540
8228
24541
8227
24542
8226
24543
8225
24544
8224
24545
8223
24546
8222
24547
8221
24548
8220
24549
8219
24550
8218
24551
8217
24552
8216
24553
8215
24554
8214
24555
8213
24556
8212
24557
8211
24558
8210
24559
8209
24560
8208
24561
8207
24562
8206
24563
8205
24564
8204
24565
8203
24566
8202
24567
8201
24568
8200
24569
8199
24570
8198
24571
8197
24572
8196
24573
8195
24574
8194
24575
8193
24576
8192
24577
8191
24578
8190
24579
8189
24580
8188
24581
8187
24582
8186
24583
8185
24584
8184
24585
8183
24586
8182
24587
8181
24588
8180
24589
8179
24590
8178
24591
8177
24592
8176
24593
8175
24594
8174
24595
8173
24596
8172
24597
8171
24598
8170
24599
8169
24600
8168
24601
8167
24602
8166
24603
8165
24604
8164
24605
8163
24606
8162
24607
8161
24608
8160
24609
8159
24610
8158
24611
8157
24612
8156
24613
8155
24614
8154
24615
8153
24616
8152
24617
8151
24618
8150
24619
8149
24620
8148
24621
8147
24622
8146
24623
8145
24624
8144
24625
8143
24626
8142
24627
8141
24628
8140
24629
8139
24630
8138
24631
8137
24632
8136
24633
8135
24634
8134
24635
8133
24636
8132
24637
8131
24638
8130
24639
8129
24640
8128
24641
8127
24642
8126
24643
8125
24644
8124
24645
8123
24646
8122
24647
8121
24648
8120
24649
8119
24650
8118
24651
8117
24652
8116
24653
8115
24654
8114
24655
8113
24656
8112
24657
8111
24658
8110
24659
8109
24660
8108
24661
8107
24662
8106
24663
8105
24664
8104
24665
8103
24666
8102
24667
8101
24668
8100
24669
8099
24670
8098
24671
8097
24672
8096
24673
8095
24674
8094
24675
8093
24676
8092
24677
8091
24678
8090
24679
8089
24680
8088
24681
8087
24682
8086
24683
8085
24684
8084
24685
8083
24686
8082
24687
8081
24688
8080
24689
8079
24690
8078
24691
8077
24692
8076
24693
8075
24694
8074
24695
8073
24696
8072
24697
8071
24698
8070
24699
8069
24700
8068
24701
8067
24702
8066
24703
8065
24704
8064
24705
8063
24706
8062
24707
8061
24708
8060
24709
8059
24710
8058
24711
8057
24712
8056
24713
8055
24714
8054
24715
8053
24716
8052
24717
8051
24718
8050
24719
8049
24720
8048
24721
8047
24722
8046
24723
8045
24724
8044
24725
8043
24726
8042
24727
8041
24728
8040
24729
8039
24730
8038
24731
8037
24732
8036
24733
8035
24734
8034
24735
8033
24736
8032
24737
8031
24738
8030
24739
8029
24740
8028
24741
8027
24742
8026
24743
8025
24744
8024
24745
8023
24746
8022
24747
8021
24748
8020
24749
8019
24750
8018
24751
8017
24752
8016
24753
8015
24754
8014
24755
8013
24756
8012
24757
8011
24758
8010
24759
8009
24760
8008
24761
8007
24762
8006
24763
8005
24764
8004
24765
8003
24766
8002
24767
8001
24768
8000
24769
7999
24770
7998
24771
7997
24772
7996
24773
7995
24774
7994
24775
7993
24776
7992
24777
7991
24778
7990
24779
7989
24780
7988
24781
7987
24782
7986
24783
7985
24784
7984
24785
7983
24786
7982
24787
7981
24788
7980
24789
7979
24790
7978
24791
7977
24792
7976
24793
7975
24794
7974
24795
7973
24796
7972
24797
7971
24798
7970
24799
7969
24800
7968
24801
7967
24802
7966
24803
7965
24804
7964
24805
7963
24806
7962
24807
7961
24808
7960
24809
7959
24810
7958
24811
7957
24812
7956
24813
7955
24814
7954
24815
7953
24816
7952
24817
7951
24818
7950
24819
7949
24820
7948
24821
7947
24822
7946
24823
7945
24824
7944
24825
7943
24826
7942
24827
7941
24828
7940
24829
7939
24830
7938
24831
7937
24832
7936
24833
7935
24834
7934
24835
7933
24836
7932
24837
7931
24838
7930
24839
7929
24840
7928
24841
7927
24842
7926
24843
7925
24844
7924
24845
7923
24846
7922
24847
7921
24848
7920
24849
7919
24850
7918
24851
7917
24852
7916
24853
7915
24854
7914
24855
7913
24856
7912
24857
7911
24858
7910
24859
7909
24860
7908
24861
7907
24862
7906
24863
7905
24864
7904
24865
7903
24866
7902
24867
7901
24868
7900
24869
7899
24870
7898
24871
7897
24872
7896
24873
7895
24874
7894
24875
7893
24876
7892
24877
7891
24878
7890
24879
7889
24880
7888
24881
7887
24882
7886
24883
7885
24884
7884
24885
7883
24886
7882
24887
7881
24888
7880
24889
7879
24890
7878
24891
7877
24892
7876
24893
7875
24894
7874
24895
7873
24896
7872
24897
7871
24898
7870
24899
7869
24900
7868
24901
7867
24902
7866
24903
7865
24904
7864
24905
7863
24906
7862
24907
7861
24908
7860
24909
7859
24910
7858
24911
7857
24912
7856
24913
7855
24914
7854
24915
7853
24916
7852
24917
7851
24918
7850
24919
7849
24920
7848
24921
7847
24922
7846
24923
7845
24924
7844
24925
7843
24926
7842
24927
7841
24928
7840
24929
7839
24930
7838
24931
7837
24932
7836
24933
7835
24934
7834
24935
7833
24936
7832
24937
7831
24938
7830
24939
7829
24940
7828
24941
7827
24942
7826
24943
7825
24944
7824
24945
7823
24946
7822
24947
7821
24948
7820
24949
7819
24950
7818
24951
7817
24952
7816
24953
7815
24954
7814
24955
7813
24956
7812
24957
7811
24958
7810
24959
7809
24960
7808
24961
7807
24962
7806
24963
7805
24964
7804
24965
7803
24966
7802
24967
7801
24968
7800
24969
7799
24970
7798
24971
7797
24972
7796
24973
7795
24974
7794
24975
7793
24976
7792
24977
7791
24978
7790
24979
7789
24980
7788
24981
7787
24982
7786
24983
7785
24984
7784
24985
7783
24986
7782
24987
7781
24988
7780
24989
7779
24990
7778
24991
7777
24992
7776
24993
7775
24994
7774
24995
7773
24996
7772
24997
7771
24998
7770
24999
7769
25000
7768
25001
7767
25002
7766
25003
7765
25004
7764
25005
7763
25006
7762
25007
7761
25008
7760
25009
7759
25010
7758
25011
7757
25012
7756
25013
7755
25014
7754
25015
7753
25016
7752
25017
7751
25018
7750
25019
7749
25020
7748
25021
7747
25022
7746
25023
7745
25024
7744
25025
7743
25026
7742
25027
7741
25028
7740
25029
7739
25030
7738
25031
7737
25032
7736
25033
7735
25034
7734
25035
7733
25036
7732
25037
7731
25038
7730
25039
7729
25040
7728
25041
7727
25042
7726
25043
7725
25044
7724
25045
7723
25046
7722
25047
7721
25048
7720
25049
7719
25050
7718
25051
7717
25052
7716
25053
7715
25054
7714
25055
7713
25056
7712
25057
7711
25058
7710
25059
7709
25060
7708
25061
7707
25062
7706
25063
7705
25064
7704
25065
7703
25066
7702
25067
7701
25068
7700
25069
7699
25070
7698
25071
7697
25072
7696
25073
7695
25074
7694
25075
7693
25076
7692
25077
7691
25078
7690
25079
7689
25080
7688
25081
7687
25082
7686
25083
7685
25084
7684
25085
7683
25086
7682
25087
7681
25088
7680
25089
7679
25090
7678
25091
7677
25092
7676
25093
7675
25094
7674
25095
7673
25096
7672
25097
7671
25098
7670
25099
7669
25100
7668
25101
7667
25102
7666
25103
7665
25104
7664
25105
7663
25106
7662
25107
7661
25108
7660
25109
7659
25110
7658
25111
7657
25112
7656
25113
7655
25114
7654
25115
7653
25116
7652
25117
7651
25118
7650
25119
7649
25120
7648
25121
7647
25122
7646
25123
7645
25124
7644
25125
7643
25126
7642
25127
7641
25128
7640
25129
7639
25130
7638
25131
7637
25132
7636
25133
7635
25134
7634
25135
7633
25136
7632
25137
7631
25138
7630
25139
7629
25140
7628
25141
7627
25142
7626
25143
7625
25144
7624
25145
7623
25146
7622
25147
7621
25148
7620
25149
7619
25150
7618
25151
7617
25152
7616
25153
7615
25154
7614
25155
7613
25156
7612
25157
7611
25158
7610
25159
7609
25160
7608
25161
7607
25162
7606
25163
7605
25164
7604
25165
7603
25166
7602
25167
7601
25168
7600
25169
7599
25170
7598
25171
7597
25172
7596
25173
7595
25174
7594
25175
7593
25176
7592
25177
7591
25178
7590
25179
7589
25180
7588
25181
7587
25182
7586
25183
7585
25184
7584
25185
7583
25186
7582
25187
7581
25188
7580
25189
7579
25190
7578
25191
7577
25192
7576
25193
7575
25194
7574
25195
7573
25196
7572
25197
7571
25198
7570
25199
7569
25200
7568
25201
7567
25202
7566
25203
7565
25204
7564
25205
7563
25206
7562
25207
7561
25208
7560
25209
7559
25210
7558
25211
7557
25212
7556
25213
7555
25214
7554
25215
7553
25216
7552
25217
7551
25218
7550
25219
7549
25220
7548
25221
7547
25222
7546
25223
7545
25224
7544
25225
7543
25226
7542
25227
7541
25228
7540
25229
7539
25230
7538
25231
7537
25232
7536
25233
7535
25234
7534
25235
7533
25236
7532
25237
7531
25238
7530
25239
7529
25240
7528
25241
7527
25242
7526
25243
7525
25244
7524
25245
7523
25246
7522
25247
7521
25248
7520
25249
7519
25250
7518
25251
7517
25252
7516
25253
7515
25254
7514
25255
7513
25256
7512
25257
7511
25258
7510
25259
7509
25260
7508
25261
7507
25262
7506
25263
7505
25264
7504
25265
7503
25266
7502
25267
7501
25268
7500
25269
7499
25270
7498
25271
7497
25272
7496
25273
7495
25274
7494
25275
7493
25276
7492
25277
7491
25278
7490
25279
7489
25280
7488
25281
7487
25282
7486
25283
7485
25284
7484
25285
7483
25286
7482
25287
7481
25288
7480
25289
7479
25290
7478
25291
7477
25292
7476
25293
7475
25294
7474
25295
7473
25296
7472
25297
7471
25298
7470
25299
7469
25300
7468
25301
7467
25302
7466
25303
7465
25304
7464
25305
7463
25306
7462
25307
7461
25308
7460
25309
7459
25310
7458
25311
7457
25312
7456
25313
7455
25314
7454
25315
7453
25316
7452
25317
7451
25318
7450
25319
7449
25320
7448
25321
7447
25322
7446
25323
7445
25324
7444
25325
7443
25326
7442
25327
7441
25328
7440
25329
7439
25330
7438
25331
7437
25332
7436
25333
7435
25334
7434
25335
7433
25336
7432
25337
7431
25338
7430
25339
7429
25340
7428
25341
7427
25342
7426
25343
7425
25344
7424
25345
7423
25346
7422
25347
7421
25348
7420
25349
7419
25350
7418
25351
7417
25352
7416
25353
7415
25354
7414
25355
7413
25356
7412
25357
7411
25358
7410
25359
7409
25360
7408
25361
7407
25362
7406
25363
7405
25364
7404
25365
7403
25366
7402
25367
7401
25368
7400
25369
7399
25370
7398
25371
7397
25372
7396
25373
7395
25374
7394
25375
7393
25376
7392
25377
7391
25378
7390
25379
7389
25380
7388
25381
7387
25382
7386
25383
7385
25384
7384
25385
7383
25386
7382
25387
7381
25388
7380
25389
7379
25390
7378
25391
7377
25392
7376
25393
7375
25394
7374
25395
7373
25396
7372
25397
7371
25398
7370
25399
7369
25400
7368
25401
7367
25402
7366
25403
7365
25404
7364
25405
7363
25406
7362
25407
7361
25408
7360
25409
7359
25410
7358
25411
7357
25412
7356
25413
7355
25414
7354
25415
7353
25416
7352
25417
7351
25418
7350
25419
7349
25420
7348
25421
7347
25422
7346
25423
7345
25424
7344
25425
7343
25426
7342
25427
7341
25428
7340
25429
7339
25430
7338
25431
7337
25432
7336
25433
7335
25434
7334
25435
7333
25436
7332
25437
7331
25438
7330
25439
7329
25440
7328
25441
7327
25442
7326
25443
7325
25444
7324
25445
7323
25446
7322
25447
7321
25448
7320
25449
7319
25450
7318
25451
7317
25452
7316
25453
7315
25454
7314
25455
7313
25456
7312
25457
7311
25458
7310
25459
7309
25460
7308
25461
7307
25462
7306
25463
7305
25464
7304
25465
7303
25466
7302
25467
7301
25468
7300
25469
7299
25470
7298
25471
7297
25472
7296
25473
7295
25474
7294
25475
7293
25476
7292
25477
7291
25478
7290
25479
7289
25480
7288
25481
7287
25482
7286
25483
7285
25484
7284
25485
7283
25486
7282
25487
7281
25488
7280
25489
7279
25490
7278
25491
7277
25492
7276
25493
7275
25494
7274
25495
7273
25496
7272
25497
7271
25498
7270
25499
7269
25500
7268
25501
7267
25502
7266
25503
7265
25504
7264
25505
7263
25506
7262
25507
7261
25508
7260
25509
7259
25510
7258
25511
7257
25512
7256
25513
7255
25514
7254
25515
7253
25516
7252
25517
7251
25518
7250
25519
7249
25520
7248
25521
7247
25522
7246
25523
7245
25524
7244
25525
7243
25526
7242
25527
7241
25528
7240
25529
7239
25530
7238
25531
7237
25532
7236
25533
7235
25534
7234
25535
7233
25536
7232
25537
7231
25538
7230
25539
7229
25540
7228
25541
7227
25542
7226
25543
7225
25544
7224
25545
7223
25546
7222
25547
7221
25548
7220
25549
7219
25550
7218
25551
7217
25552
7216
25553
7215
25554
7214
25555
7213
25556
7212
25557
7211
25558
7210
25559
7209
25560
7208
25561
7207
25562
7206
25563
7205
25564
7204
25565
7203
25566
7202
25567
7201
25568
7200
25569
7199
25570
7198
25571
7197
25572
7196
25573
7195
25574
7194
25575
7193
25576
7192
25577
7191
25578
7190
25579
7189
25580
7188
25581
7187
25582
7186
25583
7185
25584
7184
25585
7183
25586
7182
25587
7181
25588
7180
25589
7179
25590
7178
25591
7177
25592
7176
25593
7175
25594
7174
25595
7173
25596
7172
25597
7171
25598
7170
25599
7169
25600
7168
25601
7167
25602
7166
25603
7165
25604
7164
25605
7163
25606
7162
25607
7161
25608
7160
25609
7159
25610
7158
25611
7157
25612
7156
25613
7155
25614
7154
25615
7153
25616
7152
25617
7151
25618
7150
25619
7149
25620
7148
25621
7147
25622
7146
25623
7145
25624
7144
25625
7143
25626
7142
25627
7141
25628
7140
25629
7139
25630
7138
25631
7137
25632
7136
25633
7135
25634
7134
25635
7133
25636
7132
25637
7131
25638
7130
25639
7129
25640
7128
25641
7127
25642
7126
25643
7125
25644
7124
25645
7123
25646
7122
25647
7121
25648
7120
25649
7119
25650
7118
25651
7117
25652
7116
25653
7115
25654
7114
25655
7113
25656
7112
25657
7111
25658
7110
25659
7109
25660
7108
25661
7107
25662
7106
25663
7105
25664
7104
25665
7103
25666
7102
25667
7101
25668
7100
25669
7099
25670
7098
25671
7097
25672
7096
25673
7095
25674
7094
25675
7093
25676
7092
25677
7091
25678
7090
25679
7089
25680
7088
25681
7087
25682
7086
25683
7085
25684
7084
25685
7083
25686
7082
25687
7081
25688
7080
25689
7079
25690
7078
25691
7077
25692
7076
25693
7075
25694
7074
25695
7073
25696
7072
25697
7071
25698
7070
25699
7069
25700
7068
25701
7067
25702
7066
25703
7065
25704
7064
25705
7063
25706
7062
25707
7061
25708
7060
25709
7059
25710
7058
25711
7057
25712
7056
25713
7055
25714
7054
25715
7053
25716
7052
25717
7051
25718
7050
25719
7049
25720
7048
25721
7047
25722
7046
25723
7045
25724
7044
25725
7043
25726
7042
25727
7041
25728
7040
25729
7039
25730
7038
25731
7037
25732
7036
25733
7035
25734
7034
25735
7033
25736
7032
25737
7031
25738
7030
25739
7029
25740
7028
25741
7027
25742
7026
25743
7025
25744
7024
25745
7023
25746
7022
25747
7021
25748
7020
25749
7019
25750
7018
25751
7017
25752
7016
25753
7015
25754
7014
25755
7013
25756
7012
25757
7011
25758
7010
25759
7009
25760
7008
25761
7007
25762
7006
25763
7005
25764
7004
25765
7003
25766
7002
25767
7001
25768
7000
25769
6999
25770
6998
25771
6997
25772
6996
25773
6995
25774
6994
25775
6993
25776
6992
25777
6991
25778
6990
25779
6989
25780
6988
25781
6987
25782
6986
25783
6985
25784
6984
25785
6983
25786
6982
25787
6981
25788
6980
25789
6979
25790
6978
25791
6977
25792
6976
25793
6975
25794
6974
25795
6973
25796
6972
25797
6971
25798
6970
25799
6969
25800
6968
25801
6967
25802
6966
25803
6965
25804
6964
25805
6963
25806
6962
25807
6961
25808
6960
25809
6959
25810
6958
25811
6957
25812
6956
25813
6955
25814
6954
25815
6953
25816
6952
25817
6951
25818
6950
25819
6949
25820
6948
25821
6947
25822
6946
25823
6945
25824
6944
25825
6943
25826
6942
25827
6941
25828
6940
25829
6939
25830
6938
25831
6937
25832
6936
25833
6935
25834
6934
25835
6933
25836
6932
25837
6931
25838
6930
25839
6929
25840
6928
25841
6927
25842
6926
25843
6925
25844
6924
25845
6923
25846
6922
25847
6921
25848
6920
25849
6919
25850
6918
25851
6917
25852
6916
25853
6915
25854
6914
25855
6913
25856
6912
25857
6911
25858
6910
25859
6909
25860
6908
25861
6907
25862
6906
25863
6905
25864
6904
25865
6903
25866
6902
25867
6901
25868
6900
25869
6899
25870
6898
25871
6897
25872
6896
25873
6895
25874
6894
25875
6893
25876
6892
25877
6891
25878
6890
25879
6889
25880
6888
25881
6887
25882
6886
25883
6885
25884
6884
25885
6883
25886
6882
25887
6881
25888
6880
25889
6879
25890
6878
25891
6877
25892
6876
25893
6875
25894
6874
25895
6873
25896
6872
25897
6871
25898
6870
25899
6869
25900
6868
25901
6867
25902
6866
25903
6865
25904
6864
25905
6863
25906
6862
25907
6861
25908
6860
25909
6859
25910
6858
25911
6857
25912
6856
25913
6855
25914
6854
25915
6853
25916
6852
25917
6851
25918
6850
25919
6849
25920
6848
25921
6847
25922
6846
25923
6845
25924
6844
25925
6843
25926
6842
25927
6841
25928
6840
25929
6839
25930
6838
25931
6837
25932
6836
25933
6835
25934
6834
25935
6833
25936
6832
25937
6831
25938
6830
25939
6829
25940
6828
25941
6827
25942
6826
25943
6825
25944
6824
25945
6823
25946
6822
25947
6821
25948
6820
25949
6819
25950
6818
25951
6817
25952
6816
25953
6815
25954
6814
25955
6813
25956
6812
25957
6811
25958
6810
25959
6809
25960
6808
25961
6807
25962
6806
25963
6805
25964
6804
25965
6803
25966
6802
25967
6801
25968
6800
25969
6799
25970
6798
25971
6797
25972
6796
25973
6795
25974
6794
25975
6793
25976
6792
25977
6791
25978
6790
25979
6789
25980
6788
25981
6787
25982
6786
25983
6785
25984
6784
25985
6783
25986
6782
25987
6781
25988
6780
25989
6779
25990
6778
25991
6777
25992
6776
25993
6775
25994
6774
25995
6773
25996
6772
25997
6771
25998
6770
25999
6769
26000
6768
26001
6767
26002
6766
26003
6765
26004
6764
26005
6763
26006
6762
26007
6761
26008
6760
26009
6759
26010
6758
26011
6757
26012
6756
26013
6755
26014
6754
26015
6753
26016
6752
26017
6751
26018
6750
26019
6749
26020
6748
26021
6747
26022
6746
26023
6745
26024
6744
26025
6743
26026
6742
26027
6741
26028
6740
26029
6739
26030
6738
26031
6737
26032
6736
26033
6735
26034
6734
26035
6733
26036
6732
26037
6731
26038
6730
26039
6729
26040
6728
26041
6727
26042
6726
26043
6725
26044
6724
26045
6723
26046
6722
26047
6721
26048
6720
26049
6719
26050
6718
26051
6717
26052
6716
26053
6715
26054
6714
26055
6713
26056
6712
26057
6711
26058
6710
26059
6709
26060
6708
26061
6707
26062
6706
26063
6705
26064
6704
26065
6703
26066
6702
26067
6701
26068
6700
26069
6699
26070
6698
26071
6697
26072
6696
26073
6695
26074
6694
26075
6693
26076
6692
26077
6691
26078
6690
26079
6689
26080
6688
26081
6687
26082
6686
26083
6685
26084
6684
26085
6683
26086
6682
26087
6681
26088
6680
26089
6679
26090
6678
26091
6677
26092
6676
26093
6675
26094
6674
26095
6673
26096
6672
26097
6671
26098
6670
26099
6669
26100
6668
26101
6667
26102
6666
26103
6665
26104
6664
26105
6663
26106
6662
26107
6661
26108
6660
26109
6659
26110
6658
26111
6657
26112
6656
26113
6655
26114
6654
26115
6653
26116
6652
26117
6651
26118
6650
26119
6649
26120
6648
26121
6647
26122
6646
26123
6645
26124
6644
26125
6643
26126
6642
26127
6641
26128
6640
26129
6639
26130
6638
26131
6637
26132
6636
26133
6635
26134
6634
26135
6633
26136
6632
26137
6631
26138
6630
26139
6629
26140
6628
26141
6627
26142
6626
26143
6625
26144
6624
26145
6623
26146
6622
26147
6621
26148
6620
26149
6619
26150
6618
26151
6617
26152
6616
26153
6615
26154
6614
26155
6613
26156
6612
26157
6611
26158
6610
26159
6609
26160
6608
26161
6607
26162
6606
26163
6605
26164
6604
26165
6603
26166
6602
26167
6601
26168
6600
26169
6599
26170
6598
26171
6597
26172
6596
26173
6595
26174
6594
26175
6593
26176
6592
26177
6591
26178
6590
26179
6589
26180
6588
26181
6587
26182
6586
26183
6585
26184
6584
26185
6583
26186
6582
26187
6581
26188
6580
26189
6579
26190
6578
26191
6577
26192
6576
26193
6575
26194
6574
26195
6573
26196
6572
26197
6571
26198
6570
26199
6569
26200
6568
26201
6567
26202
6566
26203
6565
26204
6564
26205
6563
26206
6562
26207
6561
26208
6560
26209
6559
26210
6558
26211
6557
26212
6556
26213
6555
26214
6554
26215
6553
26216
6552
26217
6551
26218
6550
26219
6549
26220
6548
26221
6547
26222
6546
26223
6545
26224
6544
26225
6543
26226
6542
26227
6541
26228
6540
26229
6539
26230
6538
26231
6537
26232
6536
26233
6535
26234
6534
26235
6533
26236
6532
26237
6531
26238
6530
26239
6529
26240
6528
26241
6527
26242
6526
26243
6525
26244
6524
26245
6523
26246
6522
26247
6521
26248
6520
26249
6519
26250
6518
26251
6517
26252
6516
26253
6515
26254
6514
26255
6513
26256
6512
26257
6511
26258
6510
26259
6509
26260
6508
26261
6507
26262
6506
26263
6505
26264
6504
26265
6503
26266
6502
26267
6501
26268
6500
26269
6499
26270
6498
26271
6497
26272
6496
26273
6495
26274
6494
26275
6493
26276
6492
26277
6491
26278
6490
26279
6489
26280
6488
26281
6487
26282
6486
26283
6485
26284
6484
26285
6483
26286
6482
26287
6481
26288
6480
26289
6479
26290
6478
26291
6477
26292
6476
26293
6475
26294
6474
26295
6473
26296
6472
26297
6471
26298
6470
26299
6469
26300
6468
26301
6467
26302
6466
26303
6465
26304
6464
26305
6463
26306
6462
26307
6461
26308
6460
26309
6459
26310
6458
26311
6457
26312
6456
26313
6455
26314
6454
26315
6453
26316
6452
26317
6451
26318
6450
26319
6449
26320
6448
26321
6447
26322
6446
26323
6445
26324
6444
26325
6443
26326
6442
26327
6441
26328
6440
26329
6439
26330
6438
26331
6437
26332
6436
26333
6435
26334
6434
26335
6433
26336
6432
26337
6431
26338
6430
26339
6429
26340
6428
26341
6427
26342
6426
26343
6425
26344
6424
26345
6423
26346
6422
26347
6421
26348
6420
26349
6419
26350
6418
26351
6417
26352
6416
26353
6415
26354
6414
26355
6413
26356
6412
26357
6411
26358
6410
26359
6409
26360
6408
26361
6407
26362
6406
26363
6405
26364
6404
26365
6403
26366
6402
26367
6401
26368
6400
26369
6399
26370
6398
26371
6397
26372
6396
26373
6395
26374
6394
26375
6393
26376
6392
26377
6391
26378
6390
26379
6389
26380
6388
26381
6387
26382
6386
26383
6385
26384
6384
26385
6383
26386
6382
26387
6381
26388
6380
26389
6379
26390
6378
26391
6377
26392
6376
26393
6375
26394
6374
26395
6373
26396
6372
26397
6371
26398
6370
26399
6369
26400
6368
26401
6367
26402
6366
26403
6365
26404
6364
26405
6363
26406
6362
26407
6361
26408
6360
26409
6359
26410
6358
26411
6357
26412
6356
26413
6355
26414
6354
26415
6353
26416
6352
26417
6351
26418
6350
26419
6349
26420
6348
26421
6347
26422
6346
26423
6345
26424
6344
26425
6343
26426
6342
26427
6341
26428
6340
26429
6339
26430
6338
26431
6337
26432
6336
26433
6335
26434
6334
26435
6333
26436
6332
26437
6331
26438
6330
26439
6329
26440
6328
26441
6327
26442
6326
26443
6325
26444
6324
26445
6323
26446
6322
26447
6321
26448
6320
26449
6319
26450
6318
26451
6317
26452
6316
26453
6315
26454
6314
26455
6313
26456
6312
26457
6311
26458
6310
26459
6309
26460
6308
26461
6307
26462
6306
26463
6305
26464
6304
26465
6303
26466
6302
26467
6301
26468
6300
26469
6299
26470
6298
26471
6297
26472
6296
26473
6295
26474
6294
26475
6293
26476
6292
26477
6291
26478
6290
26479
6289
26480
6288
26481
6287
26482
6286
26483
6285
26484
6284
26485
6283
26486
6282
26487
6281
26488
6280
26489
6279
26490
6278
26491
6277
26492
6276
26493
6275
26494
6274
26495
6273
26496
6272
26497
6271
26498
6270
26499
6269
26500
6268
26501
6267
26502
6266
26503
6265
26504
6264
26505
6263
26506
6262
26507
6261
26508
6260
26509
6259
26510
6258
26511
6257
26512
6256
26513
6255
26514
6254
26515
6253
26516
6252
26517
6251
26518
6250
26519
6249
26520
6248
26521
6247
26522
6246
26523
6245
26524
6244
26525
6243
26526
6242
26527
6241
26528
6240
26529
6239
26530
6238
26531
6237
26532
6236
26533
6235
26534
6234
26535
6233
26536
6232
26537
6231
26538
6230
26539
6229
26540
6228
26541
6227
26542
6226
26543
6225
26544
6224
26545
6223
26546
6222
26547
6221
26548
6220
26549
6219
26550
6218
26551
6217
26552
6216
26553
6215
26554
6214
26555
6213
26556
6212
26557
6211
26558
6210
26559
6209
26560
6208
26561
6207
26562
6206
26563
6205
26564
6204
26565
6203
26566
6202
26567
6201
26568
6200
26569
6199
26570
6198
26571
6197
26572
6196
26573
6195
26574
6194
26575
6193
26576
6192
26577
6191
26578
6190
26579
6189
26580
6188
26581
6187
26582
6186
26583
6185
26584
6184
26585
6183
26586
6182
26587
6181
26588
6180
26589
6179
26590
6178
26591
6177
26592
6176
26593
6175
26594
6174
26595
6173
26596
6172
26597
6171
26598
6170
26599
6169
26600
6168
26601
6167
26602
6166
26603
6165
26604
6164
26605
6163
26606
6162
26607
6161
26608
6160
26609
6159
26610
6158
26611
6157
26612
6156
26613
6155
26614
6154
26615
6153
26616
6152
26617
6151
26618
6150
26619
6149
26620
6148
26621
6147
26622
6146
26623
6145
26624
6144
26625
6143
26626
6142
26627
6141
26628
6140
26629
6139
26630
6138
26631
6137
26632
6136
26633
6135
26634
6134
26635
6133
26636
6132
26637
6131
26638
6130
26639
6129
26640
6128
26641
6127
26642
6126
26643
6125
26644
6124
26645
6123
26646
6122
26647
6121
26648
6120
26649
6119
26650
6118
26651
6117
26652
6116
26653
6115
26654
6114
26655
6113
26656
6112
26657
6111
26658
6110
26659
6109
26660
6108
26661
6107
26662
6106
26663
6105
26664
6104
26665
6103
26666
6102
26667
6101
26668
6100
26669
6099
26670
6098
26671
6097
26672
6096
26673
6095
26674
6094
26675
6093
26676
6092
26677
6091
26678
6090
26679
6089
26680
6088
26681
6087
26682
6086
26683
6085
26684
6084
26685
6083
26686
6082
26687
6081
26688
6080
26689
6079
26690
6078
26691
6077
26692
6076
26693
6075
26694
6074
26695
6073
26696
6072
26697
6071
26698
6070
26699
6069
26700
6068
26701
6067
26702
6066
26703
6065
26704
6064
26705
6063
26706
6062
26707
6061
26708
6060
26709
6059
26710
6058
26711
6057
26712
6056
26713
6055
26714
6054
26715
6053
26716
6052
26717
6051
26718
6050
26719
6049
26720
6048
26721
6047
26722
6046
26723
6045
26724
6044
26725
6043
26726
6042
26727
6041
26728
6040
26729
6039
26730
6038
26731
6037
26732
6036
26733
6035
26734
6034
26735
6033
26736
6032
26737
6031
26738
6030
26739
6029
26740
6028
26741
6027
26742
6026
26743
6025
26744
6024
26745
6023
26746
6022
26747
6021
26748
6020
26749
6019
26750
6018
26751
6017
26752
6016
26753
6015
26754
6014
26755
6013
26756
6012
26757
6011
26758
6010
26759
6009
26760
6008
26761
6007
26762
6006
26763
6005
26764
6004
26765
6003
26766
6002
26767
6001
26768
6000
26769
5999
26770
5998
26771
5997
26772
5996
26773
5995
26774
5994
26775
5993
26776
5992
26777
5991
26778
5990
26779
5989
26780
5988
26781
5987
26782
5986
26783
5985
26784
5984
26785
5983
26786
5982
26787
5981
26788
5980
26789
5979
26790
5978
26791
5977
26792
5976
26793
5975
26794
5974
26795
5973
26796
5972
26797
5971
26798
5970
26799
5969
26800
5968
26801
5967
26802
5966
26803
5965
26804
5964
26805
5963
26806
5962
26807
5961
26808
5960
26809
5959
26810
5958
26811
5957
26812
5956
26813
5955
26814
5954
26815
5953
26816
5952
26817
5951
26818
5950
26819
5949
26820
5948
26821
5947
26822
5946
26823
5945
26824
5944
26825
5943
26826
5942
26827
5941
26828
5940
26829
5939
26830
5938
26831
5937
26832
5936
26833
5935
26834
5934
26835
5933
26836
5932
26837
5931
26838
5930
26839
5929
26840
5928
26841
5927
26842
5926
26843
5925
26844
5924
26845
5923
26846
5922
26847
5921
26848
5920
26849
5919
26850
5918
26851
5917
26852
5916
26853
5915
26854
5914
26855
5913
26856
5912
26857
5911
26858
5910
26859
5909
26860
5908
26861
5907
26862
5906
26863
5905
26864
5904
26865
5903
26866
5902
26867
5901
26868
5900
26869
5899
26870
5898
26871
5897
26872
5896
26873
5895
26874
5894
26875
5893
26876
5892
26877
5891
26878
5890
26879
5889
26880
5888
26881
5887
26882
5886
26883
5885
26884
5884
26885
5883
26886
5882
26887
5881
26888
5880
26889
5879
26890
5878
26891
5877
26892
5876
26893
5875
26894
5874
26895
5873
26896
5872
26897
5871
26898
5870
26899
5869
26900
5868
26901
5867
26902
5866
26903
5865
26904
5864
26905
5863
26906
5862
26907
5861
26908
5860
26909
5859
26910
5858
26911
5857
26912
5856
26913
5855
26914
5854
26915
5853
26916
5852
26917
5851
26918
5850
26919
5849
26920
5848
26921
5847
26922
5846
26923
5845
26924
5844
26925
5843
26926
5842
26927
5841
26928
5840
26929
5839
26930
5838
26931
5837
26932
5836
26933
5835
26934
5834
26935
5833
26936
5832
26937
5831
26938
5830
26939
5829
26940
5828
26941
5827
26942
5826
26943
5825
26944
5824
26945
5823
26946
5822
26947
5821
26948
5820
26949
5819
26950
5818
26951
5817
26952
5816
26953
5815
26954
5814
26955
5813
26956
5812
26957
5811
26958
5810
26959
5809
26960
5808
26961
5807
26962
5806
26963
5805
26964
5804
26965
5803
26966
5802
26967
5801
26968
5800
26969
5799
26970
5798
26971
5797
26972
5796
26973
5795
26974
5794
26975
5793
26976
5792
26977
5791
26978
5790
26979
5789
26980
5788
26981
5787
26982
5786
26983
5785
26984
5784
26985
5783
26986
5782
26987
5781
26988
5780
26989
5779
26990
5778
26991
5777
26992
5776
26993
5775
26994
5774
26995
5773
26996
5772
26997
5771
26998
5770
26999
5769
27000
5768
27001
5767
27002
5766
27003
5765
27004
5764
27005
5763
27006
5762
27007
5761
27008
5760
27009
5759
27010
5758
27011
5757
27012
5756
27013
5755
27014
5754
27015
5753
27016
5752
27017
5751
27018
5750
27019
5749
27020
5748
27021
5747
27022
5746
27023
5745
27024
5744
27025
5743
27026
5742
27027
5741
27028
5740
27029
5739
27030
5738
27031
5737
27032
5736
27033
5735
27034
5734
27035
5733
27036
5732
27037
5731
27038
5730
27039
5729
27040
5728
27041
5727
27042
5726
27043
5725
27044
5724
27045
5723
27046
5722
27047
5721
27048
5720
27049
5719
27050
5718
27051
5717
27052
5716
27053
5715
27054
5714
27055
5713
27056
5712
27057
5711
27058
5710
27059
5709
27060
5708
27061
5707
27062
5706
27063
5705
27064
5704
27065
5703
27066
5702
27067
5701
27068
5700
27069
5699
27070
5698
27071
5697
27072
5696
27073
5695
27074
5694
27075
5693
27076
5692
27077
5691
27078
5690
27079
5689
27080
5688
27081
5687
27082
5686
27083
5685
27084
5684
27085
5683
27086
5682
27087
5681
27088
5680
27089
5679
27090
5678
27091
5677
27092
5676
27093
5675
27094
5674
27095
5673
27096
5672
27097
5671
27098
5670
27099
5669
27100
5668
27101
5667
27102
5666
27103
5665
27104
5664
27105
5663
27106
5662
27107
5661
27108
5660
27109
5659
27110
5658
27111
5657
27112
5656
27113
5655
27114
5654
27115
5653
27116
5652
27117
5651
27118
5650
27119
5649
27120
5648
27121
5647
27122
5646
27123
5645
27124
5644
27125
5643
27126
5642
27127
5641
27128
5640
27129
5639
27130
5638
27131
5637
27132
5636
27133
5635
27134
5634
27135
5633
27136
5632
27137
5631
27138
5630
27139
5629
27140
5628
27141
5627
27142
5626
27143
5625
27144
5624
27145
5623
27146
5622
27147
5621
27148
5620
27149
5619
27150
5618
27151
5617
27152
5616
27153
5615
27154
5614
27155
5613
27156
5612
27157
5611
27158
5610
27159
5609
27160
5608
27161
5607
27162
5606
27163
5605
27164
5604
27165
5603
27166
5602
27167
5601
27168
5600
27169
5599
27170
5598
27171
5597
27172
5596
27173
5595
27174
5594
27175
5593
27176
5592
27177
5591
27178
5590
27179
5589
27180
5588
27181
5587
27182
5586
27183
5585
27184
5584
27185
5583
27186
5582
27187
5581
27188
5580
27189
5579
27190
5578
27191
5577
27192
5576
27193
5575
27194
5574
27195
5573
27196
5572
27197
5571
27198
5570
27199
5569
27200
5568
27201
5567
27202
5566
27203
5565
27204
5564
27205
5563
27206
5562
27207
5561
27208
5560
27209
5559
27210
5558
27211
5557
27212
5556
27213
5555
27214
5554
27215
5553
27216
5552
27217
5551
27218
5550
27219
5549
27220
5548
27221
5547
27222
5546
27223
5545
27224
5544
27225
5543
27226
5542
27227
5541
27228
5540
27229
5539
27230
5538
27231
5537
27232
5536
27233
5535
27234
5534
27235
5533
27236
5532
27237
5531
27238
5530
27239
5529
27240
5528
27241
5527
27242
5526
27243
5525
27244
5524
27245
5523
27246
5522
27247
5521
27248
5520
27249
5519
27250
5518
27251
5517
27252
5516
27253
5515
27254
5514
27255
5513
27256
5512
27257
5511
27258
5510
27259
5509
27260
5508
27261
5507
27262
5506
27263
5505
27264
5504
27265
5503
27266
5502
27267
5501
27268
5500
27269
5499
27270
5498
27271
5497
27272
5496
27273
5495
27274
5494
27275
5493
27276
5492
27277
5491
27278
5490
27279
5489
27280
5488
27281
5487
27282
5486
27283
5485
27284
5484
27285
5483
27286
5482
27287
5481
27288
5480
27289
5479
27290
5478
27291
5477
27292
5476
27293
5475
27294
5474
27295
5473
27296
5472
27297
5471
27298
5470
27299
5469
27300
5468
27301
5467
27302
5466
27303
5465
27304
5464
27305
5463
27306
5462
27307
5461
27308
5460
27309
5459
27310
5458
27311
5457
27312
5456
27313
5455
27314
5454
27315
5453
27316
5452
27317
5451
27318
5450
27319
5449
27320
5448
27321
5447
27322
5446
27323
5445
27324
5444
27325
5443
27326
5442
27327
5441
27328
5440
27329
5439
27330
5438
27331
5437
27332
5436
27333
5435
27334
5434
27335
5433
27336
5432
27337
5431
27338
5430
27339
5429
27340
5428
27341
5427
27342
5426
27343
5425
27344
5424
27345
5423
27346
5422
27347
5421
27348
5420
27349
5419
27350
5418
27351
5417
27352
5416
27353
5415
27354
5414
27355
5413
27356
5412
27357
5411
27358
5410
27359
5409
27360
5408
27361
5407
27362
5406
27363
5405
27364
5404
27365
5403
27366
5402
27367
5401
27368
5400
27369
5399
27370
5398
27371
5397
27372
5396
27373
5395
27374
5394
27375
5393
27376
5392
27377
5391
27378
5390
27379
5389
27380
5388
27381
5387
27382
5386
27383
5385
27384
5384
27385
5383
27386
5382
27387
5381
27388
5380
27389
5379
27390
5378
27391
5377
27392
5376
27393
5375
27394
5374
27395
5373
27396
5372
27397
5371
27398
5370
27399
5369
27400
5368
27401
5367
27402
5366
27403
5365
27404
5364
27405
5363
27406
5362
27407
5361
27408
5360
27409
5359
27410
5358
27411
5357
27412
5356
27413
5355
27414
5354
27415
5353
27416
5352
27417
5351
27418
5350
27419
5349
27420
5348
27421
5347
27422
5346
27423
5345
27424
5344
27425
5343
27426
5342
27427
5341
27428
5340
27429
5339
27430
5338
27431
5337
27432
5336
27433
5335
27434
5334
27435
5333
27436
5332
27437
5331
27438
5330
27439
5329
27440
5328
27441
5327
27442
5326
27443
5325
27444
5324
27445
5323
27446
5322
27447
5321
27448
5320
27449
5319
27450
5318
27451
5317
27452
5316
27453
5315
27454
5314
27455
5313
27456
5312
27457
5311
27458
5310
27459
5309
27460
5308
27461
5307
27462
5306
27463
5305
27464
5304
27465
5303
27466
5302
27467
5301
27468
5300
27469
5299
27470
5298
27471
5297
27472
5296
27473
5295
27474
5294
27475
5293
27476
5292
27477
5291
27478
5290
27479
5289
27480
5288
27481
5287
27482
5286
27483
5285
27484
5284
27485
5283
27486
5282
27487
5281
27488
5280
27489
5279
27490
5278
27491
5277
27492
5276
27493
5275
27494
5274
27495
5273
27496
5272
27497
5271
27498
5270
27499
5269
27500
5268
27501
5267
27502
5266
27503
5265
27504
5264
27505
5263
27506
5262
27507
5261
27508
5260
27509
5259
27510
5258
27511
5257
27512
5256
27513
5255
27514
5254
27515
5253
27516
5252
27517
5251
27518
5250
27519
5249
27520
5248
27521
5247
27522
5246
27523
5245
27524
5244
27525
5243
27526
5242
27527
5241
27528
5240
27529
5239
27530
5238
27531
5237
27532
5236
27533
5235
27534
5234
27535
5233
27536
5232
27537
5231
27538
5230
27539
5229
27540
5228
27541
5227
27542
5226
27543
5225
27544
5224
27545
5223
27546
5222
27547
5221
27548
5220
27549
5219
27550
5218
27551
5217
27552
5216
27553
5215
27554
5214
27555
5213
27556
5212
27557
5211
27558
5210
27559
5209
27560
5208
27561
5207
27562
5206
27563
5205
27564
5204
27565
5203
27566
5202
27567
5201
27568
5200
27569
5199
27570
5198
27571
5197
27572
5196
27573
5195
27574
5194
27575
5193
27576
5192
27577
5191
27578
5190
27579
5189
27580
5188
27581
5187
27582
5186
27583
5185
27584
5184
27585
5183
27586
5182
27587
5181
27588
5180
27589
5179
27590
5178
27591
5177
27592
5176
27593
5175
27594
5174
27595
5173
27596
5172
27597
5171
27598
5170
27599
5169
27600
5168
27601
5167
27602
5166
27603
5165
27604
5164
27605
5163
27606
5162
27607
5161
27608
5160
27609
5159
27610
5158
27611
5157
27612
5156
27613
5155
27614
5154
27615
5153
27616
5152
27617
5151
27618
5150
27619
5149
27620
5148
27621
5147
27622
5146
27623
5145
27624
5144
27625
5143
27626
5142
27627
5141
27628
5140
27629
5139
27630
5138
27631
5137
27632
5136
27633
5135
27634
5134
27635
5133
27636
5132
27637
5131
27638
5130
27639
5129
27640
5128
27641
5127
27642
5126
27643
5125
27644
5124
27645
5123
27646
5122
27647
5121
27648
5120
27649
5119
27650
5118
27651
5117
27652
5116
27653
5115
27654
5114
27655
5113
27656
5112
27657
5111
27658
5110
27659
5109
27660
5108
27661
5107
27662
5106
27663
5105
27664
5104
27665
5103
27666
5102
27667
5101
27668
5100
27669
5099
27670
5098
27671
5097
27672
5096
27673
5095
27674
5094
27675
5093
27676
5092
27677
5091
27678
5090
27679
5089
27680
5088
27681
5087
27682
5086
27683
5085
27684
5084
27685
5083
27686
5082
27687
5081
27688
5080
27689
5079
27690
5078
27691
5077
27692
5076
27693
5075
27694
5074
27695
5073
27696
5072
27697
5071
27698
5070
27699
5069
27700
5068
27701
5067
27702
5066
27703
5065
27704
5064
27705
5063
27706
5062
27707
5061
27708
5060
27709
5059
27710
5058
27711
5057
27712
5056
27713
5055
27714
5054
27715
5053
27716
5052
27717
5051
27718
5050
27719
5049
27720
5048
27721
5047
27722
5046
27723
5045
27724
5044
27725
5043
27726
5042
27727
5041
27728
5040
27729
5039
27730
5038
27731
5037
27732
5036
27733
5035
27734
5034
27735
5033
27736
5032
27737
5031
27738
5030
27739
5029
27740
5028
27741
5027
27742
5026
27743
5025
27744
5024
27745
5023
27746
5022
27747
5021
27748
5020
27749
5019
27750
5018
27751
5017
27752
5016
27753
5015
27754
5014
27755
5013
27756
5012
27757
5011
27758
5010
27759
5009
27760
5008
27761
5007
27762
5006
27763
5005
27764
5004
27765
5003
27766
5002
27767
5001
27768
5000
27769
4999
27770
4998
27771
4997
27772
4996
27773
4995
27774
4994
27775
4993
27776
4992
27777
4991
27778
4990
27779
4989
27780
4988
27781
4987
27782
4986
27783
4985
27784
4984
27785
4983
27786
4982
27787
4981
27788
4980
27789
4979
27790
4978
27791
4977
27792
4976
27793
4975
27794
4974
27795
4973
27796
4972
27797
4971
27798
4970
27799
4969
27800
4968
27801
4967
27802
4966
27803
4965
27804
4964
27805
4963
27806
4962
27807
4961
27808
4960
27809
4959
27810
4958
27811
4957
27812
4956
27813
4955
27814
4954
27815
4953
27816
4952
27817
4951
27818
4950
27819
4949
27820
4948
27821
4947
27822
4946
27823
4945
27824
4944
27825
4943
27826
4942
27827
4941
27828
4940
27829
4939
27830
4938
27831
4937
27832
4936
27833
4935
27834
4934
27835
4933
27836
4932
27837
4931
27838
4930
27839
4929
27840
4928
27841
4927
27842
4926
27843
4925
27844
4924
27845
4923
27846
4922
27847
4921
27848
4920
27849
4919
27850
4918
27851
4917
27852
4916
27853
4915
27854
4914
27855
4913
27856
4912
27857
4911
27858
4910
27859
4909
27860
4908
27861
4907
27862
4906
27863
4905
27864
4904
27865
4903
27866
4902
27867
4901
27868
4900
27869
4899
27870
4898
27871
4897
27872
4896
27873
4895
27874
4894
27875
4893
27876
4892
27877
4891
27878
4890
27879
4889
27880
4888
27881
4887
27882
4886
27883
4885
27884
4884
27885
4883
27886
4882
27887
4881
27888
4880
27889
4879
27890
4878
27891
4877
27892
4876
27893
4875
27894
4874
27895
4873
27896
4872
27897
4871
27898
4870
27899
4869
27900
4868
27901
4867
27902
4866
27903
4865
27904
4864
27905
4863
27906
4862
27907
4861
27908
4860
27909
4859
27910
4858
27911
4857
27912
4856
27913
4855
27914
4854
27915
4853
27916
4852
27917
4851
27918
4850
27919
4849
27920
4848
27921
4847
27922
4846
27923
4845
27924
4844
27925
4843
27926
4842
27927
4841
27928
4840
27929
4839
27930
4838
27931
4837
27932
4836
27933
4835
27934
4834
27935
4833
27936
4832
27937
4831
27938
4830
27939
4829
27940
4828
27941
4827
27942
4826
27943
4825
27944
4824
27945
4823
27946
4822
27947
4821
27948
4820
27949
4819
27950
4818
27951
4817
27952
4816
27953
4815
27954
4814
27955
4813
27956
4812
27957
4811
27958
4810
27959
4809
27960
4808
27961
4807
27962
4806
27963
4805
27964
4804
27965
4803
27966
4802
27967
4801
27968
4800
27969
4799
27970
4798
27971
4797
27972
4796
27973
4795
27974
4794
27975
4793
27976
4792
27977
4791
27978
4790
27979
4789
27980
4788
27981
4787
27982
4786
27983
4785
27984
4784
27985
4783
27986
4782
27987
4781
27988
4780
27989
4779
27990
4778
27991
4777
27992
4776
27993
4775
27994
4774
27995
4773
27996
4772
27997
4771
27998
4770
27999
4769
28000
4768
28001
4767
28002
4766
28003
4765
28004
4764
28005
4763
28006
4762
28007
4761
28008
4760
28009
4759
28010
4758
28011
4757
28012
4756
28013
4755
28014
4754
28015
4753
28016
4752
28017
4751
28018
4750
28019
4749
28020
4748
28021
4747
28022
4746
28023
4745
28024
4744
28025
4743
28026
4742
28027
4741
28028
4740
28029
4739
28030
4738
28031
4737
28032
4736
28033
4735
28034
4734
28035
4733
28036
4732
28037
4731
28038
4730
28039
4729
28040
4728
28041
4727
28042
4726
28043
4725
28044
4724
28045
4723
28046
4722
28047
4721
28048
4720
28049
4719
28050
4718
28051
4717
28052
4716
28053
4715
28054
4714
28055
4713
28056
4712
28057
4711
28058
4710
28059
4709
28060
4708
28061
4707
28062
4706
28063
4705
28064
4704
28065
4703
28066
4702
28067
4701
28068
4700
28069
4699
28070
4698
28071
4697
28072
4696
28073
4695
28074
4694
28075
4693
28076
4692
28077
4691
28078
4690
28079
4689
28080
4688
28081
4687
28082
4686
28083
4685
28084
4684
28085
4683
28086
4682
28087
4681
28088
4680
28089
4679
28090
4678
28091
4677
28092
4676
28093
4675
28094
4674
28095
4673
28096
4672
28097
4671
28098
4670
28099
4669
28100
4668
28101
4667
28102
4666
28103
4665
28104
4664
28105
4663
28106
4662
28107
4661
28108
4660
28109
4659
28110
4658
28111
4657
28112
4656
28113
4655
28114
4654
28115
4653
28116
4652
28117
4651
28118
4650
28119
4649
28120
4648
28121
4647
28122
4646
28123
4645
28124
4644
28125
4643
28126
4642
28127
4641
28128
4640
28129
4639
28130
4638
28131
4637
28132
4636
28133
4635
28134
4634
28135
4633
28136
4632
28137
4631
28138
4630
28139
4629
28140
4628
28141
4627
28142
4626
28143
4625
28144
4624
28145
4623
28146
4622
28147
4621
28148
4620
28149
4619
28150
4618
28151
4617
28152
4616
28153
4615
28154
4614
28155
4613
28156
4612
28157
4611
28158
4610
28159
4609
28160
4608
28161
4607
28162
4606
28163
4605
28164
4604
28165
4603
28166
4602
28167
4601
28168
4600
28169
4599
28170
4598
28171
4597
28172
4596
28173
4595
28174
4594
28175
4593
28176
4592
28177
4591
28178
4590
28179
4589
28180
4588
28181
4587
28182
4586
28183
4585
28184
4584
28185
4583
28186
4582
28187
4581
28188
4580
28189
4579
28190
4578
28191
4577
28192
4576
28193
4575
28194
4574
28195
4573
28196
4572
28197
4571
28198
4570
28199
4569
28200
4568
28201
4567
28202
4566
28203
4565
28204
4564
28205
4563
28206
4562
28207
4561
28208
4560
28209
4559
28210
4558
28211
4557
28212
4556
28213
4555
28214
4554
28215
4553
28216
4552
28217
4551
28218
4550
28219
4549
28220
4548
28221
4547
28222
4546
28223
4545
28224
4544
28225
4543
28226
4542
28227
4541
28228
4540
28229
4539
28230
4538
28231
4537
28232
4536
28233
4535
28234
4534
28235
4533
28236
4532
28237
4531
28238
4530
28239
4529
28240
4528
28241
4527
28242
4526
28243
4525
28244
4524
28245
4523
28246
4522
28247
4521
28248
4520
28249
4519
28250
4518
28251
4517
28252
4516
28253
4515
28254
4514
28255
4513
28256
4512
28257
4511
28258
4510
28259
4509
28260
4508
28261
4507
28262
4506
28263
4505
28264
4504
28265
4503
28266
4502
28267
4501
28268
4500
28269
4499
28270
4498
28271
4497
28272
4496
28273
4495
28274
4494
28275
4493
28276
4492
28277
4491
28278
4490
28279
4489
28280
4488
28281
4487
28282
4486
28283
4485
28284
4484
28285
4483
28286
4482
28287
4481
28288
4480
28289
4479
28290
4478
28291
4477
28292
4476
28293
4475
28294
4474
28295
4473
28296
4472
28297
4471
28298
4470
28299
4469
28300
4468
28301
4467
28302
4466
28303
4465
28304
4464
28305
4463
28306
4462
28307
4461
28308
4460
28309
4459
28310
4458
28311
4457
28312
4456
28313
4455
28314
4454
28315
4453
28316
4452
28317
4451
28318
4450
28319
4449
28320
4448
28321
4447
28322
4446
28323
4445
28324
4444
28325
4443
28326
4442
28327
4441
28328
4440
28329
4439
28330
4438
28331
4437
28332
4436
28333
4435
28334
4434
28335
4433
28336
4432
28337
4431
28338
4430
28339
4429
28340
4428
28341
4427
28342
4426
28343
4425
28344
4424
28345
4423
28346
4422
28347
4421
28348
4420
28349
4419
28350
4418
28351
4417
28352
4416
28353
4415
28354
4414
28355
4413
28356
4412
28357
4411
28358
4410
28359
4409
28360
4408
28361
4407
28362
4406
28363
4405
28364
4404
28365
4403
28366
4402
28367
4401
28368
4400
28369
4399
28370
4398
28371
4397
28372
4396
28373
4395
28374
4394
28375
4393
28376
4392
28377
4391
28378
4390
28379
4389
28380
4388
28381
4387
28382
4386
28383
4385
28384
4384
28385
4383
28386
4382
28387
4381
28388
4380
28389
4379
28390
4378
28391
4377
28392
4376
28393
4375
28394
4374
28395
4373
28396
4372
28397
4371
28398
4370
28399
4369
28400
4368
28401
4367
28402
4366
28403
4365
28404
4364
28405
4363
28406
4362
28407
4361
28408
4360
28409
4359
28410
4358
28411
4357
28412
4356
28413
4355
28414
4354
28415
4353
28416
4352
28417
4351
28418
4350
28419
4349
28420
4348
28421
4347
28422
4346
28423
4345
28424
4344
28425
4343
28426
4342
28427
4341
28428
4340
28429
4339
28430
4338
28431
4337
28432
4336
28433
4335
28434
4334
28435
4333
28436
4332
28437
4331
28438
4330
28439
4329
28440
4328
28441
4327
28442
4326
28443
4325
28444
4324
28445
4323
28446
4322
28447
4321
28448
4320
28449
4319
28450
4318
28451
4317
28452
4316
28453
4315
28454
4314
28455
4313
28456
4312
28457
4311
28458
4310
28459
4309
28460
4308
28461
4307
28462
4306
28463
4305
28464
4304
28465
4303
28466
4302
28467
4301
28468
4300
28469
4299
28470
4298
28471
4297
28472
4296
28473
4295
28474
4294
28475
4293
28476
4292
28477
4291
28478
4290
28479
4289
28480
4288
28481
4287
28482
4286
28483
4285
28484
4284
28485
4283
28486
4282
28487
4281
28488
4280
28489
4279
28490
4278
28491
4277
28492
4276
28493
4275
28494
4274
28495
4273
28496
4272
28497
4271
28498
4270
28499
4269
28500
4268
28501
4267
28502
4266
28503
4265
28504
4264
28505
4263
28506
4262
28507
4261
28508
4260
28509
4259
28510
4258
28511
4257
28512
4256
28513
4255
28514
4254
28515
4253
28516
4252
28517
4251
28518
4250
28519
4249
28520
4248
28521
4247
28522
4246
28523
4245
28524
4244
28525
4243
28526
4242
28527
4241
28528
4240
28529
4239
28530
4238
28531
4237
28532
4236
28533
4235
28534
4234
28535
4233
28536
4232
28537
4231
28538
4230
28539
4229
28540
4228
28541
4227
28542
4226
28543
4225
28544
4224
28545
4223
28546
4222
28547
4221
28548
4220
28549
4219
28550
4218
28551
4217
28552
4216
28553
4215
28554
4214
28555
4213
28556
4212
28557
4211
28558
4210
28559
4209
28560
4208
28561
4207
28562
4206
28563
4205
28564
4204
28565
4203
28566
4202
28567
4201
28568
4200
28569
4199
28570
4198
28571
4197
28572
4196
28573
4195
28574
4194
28575
4193
28576
4192
28577
4191
28578
4190
28579
4189
28580
4188
28581
4187
28582
4186
28583
4185
28584
4184
28585
4183
28586
4182
28587
4181
28588
4180
28589
4179
28590
4178
28591
4177
28592
4176
28593
4175
28594
4174
28595
4173
28596
4172
28597
4171
28598
4170
28599
4169
28600
4168
28601
4167
28602
4166
28603
4165
28604
4164
28605
4163
28606
4162
28607
4161
28608
4160
28609
4159
28610
4158
28611
4157
28612
4156
28613
4155
28614
4154
28615
4153
28616
4152
28617
4151
28618
4150
28619
4149
28620
4148
28621
4147
28622
4146
28623
4145
28624
4144
28625
4143
28626
4142
28627
4141
28628
4140
28629
4139
28630
4138
28631
4137
28632
4136
28633
4135
28634
4134
28635
4133
28636
4132
28637
4131
28638
4130
28639
4129
28640
4128
28641
4127
28642
4126
28643
4125
28644
4124
28645
4123
28646
4122
28647
4121
28648
4120
28649
4119
28650
4118
28651
4117
28652
4116
28653
4115
28654
4114
28655
4113
28656
4112
28657
4111
28658
4110
28659
4109
28660
4108
28661
4107
28662
4106
28663
4105
28664
4104
28665
4103
28666
4102
28667
4101
28668
4100
28669
4099
28670
4098
28671
4097
28672
4096
28673
4095
28674
4094
28675
4093
28676
4092
28677
4091
28678
4090
28679
4089
28680
4088
28681
4087
28682
4086
28683
4085
28684
4084
28685
4083
28686
4082
28687
4081
28688
4080
28689
4079
28690
4078
28691
4077
28692
4076
28693
4075
28694
4074
28695
4073
28696
4072
28697
4071
28698
4070
28699
4069
28700
4068
28701
4067
28702
4066
28703
4065
28704
4064
28705
4063
28706
4062
28707
4061
28708
4060
28709
4059
28710
4058
28711
4057
28712
4056
28713
4055
28714
4054
28715
4053
28716
4052
28717
4051
28718
4050
28719
4049
28720
4048
28721
4047
28722
4046
28723
4045
28724
4044
28725
4043
28726
4042
28727
4041
28728
4040
28729
4039
28730
4038
28731
4037
28732
4036
28733
4035
28734
4034
28735
4033
28736
4032
28737
4031
28738
4030
28739
4029
28740
4028
28741
4027
28742
4026
28743
4025
28744
4024
28745
4023
28746
4022
28747
4021
28748
4020
28749
4019
28750
4018
28751
4017
28752
4016
28753
4015
28754
4014
28755
4013
28756
4012
28757
4011
28758
4010
28759
4009
28760
4008
28761
4007
28762
4006
28763
4005
28764
4004
28765
4003
28766
4002
28767
4001
28768
4000
28769
3999
28770
3998
28771
3997
28772
3996
28773
3995
28774
3994
28775
3993
28776
3992
28777
3991
28778
3990
28779
3989
28780
3988
28781
3987
28782
3986
28783
3985
28784
3984
28785
3983
28786
3982
28787
3981
28788
3980
28789
3979
28790
3978
28791
3977
28792
3976
28793
3975
28794
3974
28795
3973
28796
3972
28797
3971
28798
3970
28799
3969
28800
3968
28801
3967
28802
3966
28803
3965
28804
3964
28805
3963
28806
3962
28807
3961
28808
3960
28809
3959
28810
3958
28811
3957
28812
3956
28813
3955
28814
3954
28815
3953
28816
3952
28817
3951
28818
3950
28819
3949
28820
3948
28821
3947
28822
3946
28823
3945
28824
3944
28825
3943
28826
3942
28827
3941
28828
3940
28829
3939
28830
3938
28831
3937
28832
3936
28833
3935
28834
3934
28835
3933
28836
3932
28837
3931
28838
3930
28839
3929
28840
3928
28841
3927
28842
3926
28843
3925
28844
3924
28845
3923
28846
3922
28847
3921
28848
3920
28849
3919
28850
3918
28851
3917
28852
3916
28853
3915
28854
3914
28855
3913
28856
3912
28857
3911
28858
3910
28859
3909
28860
3908
28861
3907
28862
3906
28863
3905
28864
3904
28865
3903
28866
3902
28867
3901
28868
3900
28869
3899
28870
3898
28871
3897
28872
3896
28873
3895
28874
3894
28875
3893
28876
3892
28877
3891
28878
3890
28879
3889
28880
3888
28881
3887
28882
3886
28883
3885
28884
3884
28885
3883
28886
3882
28887
3881
28888
3880
28889
3879
28890
3878
28891
3877
28892
3876
28893
3875
28894
3874
28895
3873
28896
3872
28897
3871
28898
3870
28899
3869
28900
3868
28901
3867
28902
3866
28903
3865
28904
3864
28905
3863
28906
3862
28907
3861
28908
3860
28909
3859
28910
3858
28911
3857
28912
3856
28913
3855
28914
3854
28915
3853
28916
3852
28917
3851
28918
3850
28919
3849
28920
3848
28921
3847
28922
3846
28923
3845
28924
3844
28925
3843
28926
3842
28927
3841
28928
3840
28929
3839
28930
3838
28931
3837
28932
3836
28933
3835
28934
3834
28935
3833
28936
3832
28937
3831
28938
3830
28939
3829
28940
3828
28941
3827
28942
3826
28943
3825
28944
3824
28945
3823
28946
3822
28947
3821
28948
3820
28949
3819
28950
3818
28951
3817
28952
3816
28953
3815
28954
3814
28955
3813
28956
3812
28957
3811
28958
3810
28959
3809
28960
3808
28961
3807
28962
3806
28963
3805
28964
3804
28965
3803
28966
3802
28967
3801
28968
3800
28969
3799
28970
3798
28971
3797
28972
3796
28973
3795
28974
3794
28975
3793
28976
3792
28977
3791
28978
3790
28979
3789
28980
3788
28981
3787
28982
3786
28983
3785
28984
3784
28985
3783
28986
3782
28987
3781
28988
3780
28989
3779
28990
3778
28991
3777
28992
3776
28993
3775
28994
3774
28995
3773
28996
3772
28997
3771
28998
3770
28999
3769
29000
3768
29001
3767
29002
3766
29003
3765
29004
3764
29005
3763
29006
3762
29007
3761
29008
3760
29009
3759
29010
3758
29011
3757
29012
3756
29013
3755
29014
3754
29015
3753
29016
3752
29017
3751
29018
3750
29019
3749
29020
3748
29021
3747
29022
3746
29023
3745
29024
3744
29025
3743
29026
3742
29027
3741
29028
3740
29029
3739
29030
3738
29031
3737
29032
3736
29033
3735
29034
3734
29035
3733
29036
3732
29037
3731
29038
3730
29039
3729
29040
3728
29041
3727
29042
3726
29043
3725
29044
3724
29045
3723
29046
3722
29047
3721
29048
3720
29049
3719
29050
3718
29051
3717
29052
3716
29053
3715
29054
3714
29055
3713
29056
3712
29057
3711
29058
3710
29059
3709
29060
3708
29061
3707
29062
3706
29063
3705
29064
3704
29065
3703
29066
3702
29067
3701
29068
3700
29069
3699
29070
3698
29071
3697
29072
3696
29073
3695
29074
3694
29075
3693
29076
3692
29077
3691
29078
3690
29079
3689
29080
3688
29081
3687
29082
3686
29083
3685
29084
3684
29085
3683
29086
3682
29087
3681
29088
3680
29089
3679
29090
3678
29091
3677
29092
3676
29093
3675
29094
3674
29095
3673
29096
3672
29097
3671
29098
3670
29099
3669
29100
3668
29101
3667
29102
3666
29103
3665
29104
3664
29105
3663
29106
3662
29107
3661
29108
3660
29109
3659
29110
3658
29111
3657
29112
3656
29113
3655
29114
3654
29115
3653
29116
3652
29117
3651
29118
3650
29119
3649
29120
3648
29121
3647
29122
3646
29123
3645
29124
3644
29125
3643
29126
3642
29127
3641
29128
3640
29129
3639
29130
3638
29131
3637
29132
3636
29133
3635
29134
3634
29135
3633
29136
3632
29137
3631
29138
3630
29139
3629
29140
3628
29141
3627
29142
3626
29143
3625
29144
3624
29145
3623
29146
3622
29147
3621
29148
3620
29149
3619
29150
3618
29151
3617
29152
3616
29153
3615
29154
3614
29155
3613
29156
3612
29157
3611
29158
3610
29159
3609
29160
3608
29161
3607
29162
3606
29163
3605
29164
3604
29165
3603
29166
3602
29167
3601
29168
3600
29169
3599
29170
3598
29171
3597
29172
3596
29173
3595
29174
3594
29175
3593
29176
3592
29177
3591
29178
3590
29179
3589
29180
3588
29181
3587
29182
3586
29183
3585
29184
3584
29185
3583
29186
3582
29187
3581
29188
3580
29189
3579
29190
3578
29191
3577
29192
3576
29193
3575
29194
3574
29195
3573
29196
3572
29197
3571
29198
3570
29199
3569
29200
3568
29201
3567
29202
3566
29203
3565
29204
3564
29205
3563
29206
3562
29207
3561
29208
3560
29209
3559
29210
3558
29211
3557
29212
3556
29213
3555
29214
3554
29215
3553
29216
3552
29217
3551
29218
3550
29219
3549
29220
3548
29221
3547
29222
3546
29223
3545
29224
3544
29225
3543
29226
3542
29227
3541
29228
3540
29229
3539
29230
3538
29231
3537
29232
3536
29233
3535
29234
3534
29235
3533
29236
3532
29237
3531
29238
3530
29239
3529
29240
3528
29241
3527
29242
3526
29243
3525
29244
3524
29245
3523
29246
3522
29247
3521
29248
3520
29249
3519
29250
3518
29251
3517
29252
3516
29253
3515
29254
3514
29255
3513
29256
3512
29257
3511
29258
3510
29259
3509
29260
3508
29261
3507
29262
3506
29263
3505
29264
3504
29265
3503
29266
3502
29267
3501
29268
3500
29269
3499
29270
3498
29271
3497
29272
3496
29273
3495
29274
3494
29275
3493
29276
3492
29277
3491
29278
3490
29279
3489
29280
3488
29281
3487
29282
3486
29283
3485
29284
3484
29285
3483
29286
3482
29287
3481
29288
3480
29289
3479
29290
3478
29291
3477
29292
3476
29293
3475
29294
3474
29295
3473
29296
3472
29297
3471
29298
3470
29299
3469
29300
3468
29301
3467
29302
3466
29303
3465
29304
3464
29305
3463
29306
3462
29307
3461
29308
3460
29309
3459
29310
3458
29311
3457
29312
3456
29313
3455
29314
3454
29315
3453
29316
3452
29317
3451
29318
3450
29319
3449
29320
3448
29321
3447
29322
3446
29323
3445
29324
3444
29325
3443
29326
3442
29327
3441
29328
3440
29329
3439
29330
3438
29331
3437
29332
3436
29333
3435
29334
3434
29335
3433
29336
3432
29337
3431
29338
3430
29339
3429
29340
3428
29341
3427
29342
3426
29343
3425
29344
3424
29345
3423
29346
3422
29347
3421
29348
3420
29349
3419
29350
3418
29351
3417
29352
3416
29353
3415
29354
3414
29355
3413
29356
3412
29357
3411
29358
3410
29359
3409
29360
3408
29361
3407
29362
3406
29363
3405
29364
3404
29365
3403
29366
3402
29367
3401
29368
3400
29369
3399
29370
3398
29371
3397
29372
3396
29373
3395
29374
3394
29375
3393
29376
3392
29377
3391
29378
3390
29379
3389
29380
3388
29381
3387
29382
3386
29383
3385
29384
3384
29385
3383
29386
3382
29387
3381
29388
3380
29389
3379
29390
3378
29391
3377
29392
3376
29393
3375
29394
3374
29395
3373
29396
3372
29397
3371
29398
3370
29399
3369
29400
3368
29401
3367
29402
3366
29403
3365
29404
3364
29405
3363
29406
3362
29407
3361
29408
3360
29409
3359
29410
3358
29411
3357
29412
3356
29413
3355
29414
3354
29415
3353
29416
3352
29417
3351
29418
3350
29419
3349
29420
3348
29421
3347
29422
3346
29423
3345
29424
3344
29425
3343
29426
3342
29427
3341
29428
3340
29429
3339
29430
3338
29431
3337
29432
3336
29433
3335
29434
3334
29435
3333
29436
3332
29437
3331
29438
3330
29439
3329
29440
3328
29441
3327
29442
3326
29443
3325
29444
3324
29445
3323
29446
3322
29447
3321
29448
3320
29449
3319
29450
3318
29451
3317
29452
3316
29453
3315
29454
3314
29455
3313
29456
3312
29457
3311
29458
3310
29459
3309
29460
3308
29461
3307
29462
3306
29463
3305
29464
3304
29465
3303
29466
3302
29467
3301
29468
3300
29469
3299
29470
3298
29471
3297
29472
3296
29473
3295
29474
3294
29475
3293
29476
3292
29477
3291
29478
3290
29479
3289
29480
3288
29481
3287
29482
3286
29483
3285
29484
3284
29485
3283
29486
3282
29487
3281
29488
3280
29489
3279
29490
3278
29491
3277
29492
3276
29493
3275
29494
3274
29495
3273
29496
3272
29497
3271
29498
3270
29499
3269
29500
3268
29501
3267
29502
3266
29503
3265
29504
3264
29505
3263
29506
3262
29507
3261
29508
3260
29509
3259
29510
3258
29511
3257
29512
3256
29513
3255
29514
3254
29515
3253
29516
3252
29517
3251
29518
3250
29519
3249
29520
3248
29521
3247
29522
3246
29523
3245
29524
3244
29525
3243
29526
3242
29527
3241
29528
3240
29529
3239
29530
3238
29531
3237
29532
3236
29533
3235
29534
3234
29535
3233
29536
3232
29537
3231
29538
3230
29539
3229
29540
3228
29541
3227
29542
3226
29543
3225
29544
3224
29545
3223
29546
3222
29547
3221
29548
3220
29549
3219
29550
3218
29551
3217
29552
3216
29553
3215
29554
3214
29555
3213
29556
3212
29557
3211
29558
3210
29559
3209
29560
3208
29561
3207
29562
3206
29563
3205
29564
3204
29565
3203
29566
3202
29567
3201
29568
3200
29569
3199
29570
3198
29571
3197
29572
3196
29573
3195
29574
3194
29575
3193
29576
3192
29577
3191
29578
3190
29579
3189
29580
3188
29581
3187
29582
3186
29583
3185
29584
3184
29585
3183
29586
3182
29587
3181
29588
3180
29589
3179
29590
3178
29591
3177
29592
3176
29593
3175
29594
3174
29595
3173
29596
3172
29597
3171
29598
3170
29599
3169
29600
3168
29601
3167
29602
3166
29603
3165
29604
3164
29605
3163
29606
3162
29607
3161
29608
3160
29609
3159
29610
3158
29611
3157
29612
3156
29613
3155
29614
3154
29615
3153
29616
3152
29617
3151
29618
3150
29619
3149
29620
3148
29621
3147
29622
3146
29623
3145
29624
3144
29625
3143
29626
3142
29627
3141
29628
3140
29629
3139
29630
3138
29631
3137
29632
3136
29633
3135
29634
3134
29635
3133
29636
3132
29637
3131
29638
3130
29639
3129
29640
3128
29641
3127
29642
3126
29643
3125
29644
3124
29645
3123
29646
3122
29647
3121
29648
3120
29649
3119
29650
3118
29651
3117
29652
3116
29653
3115
29654
3114
29655
3113
29656
3112
29657
3111
29658
3110
29659
3109
29660
3108
29661
3107
29662
3106
29663
3105
29664
3104
29665
3103
29666
3102
29667
3101
29668
3100
29669
3099
29670
3098
29671
3097
29672
3096
29673
3095
29674
3094
29675
3093
29676
3092
29677
3091
29678
3090
29679
3089
29680
3088
29681
3087
29682
3086
29683
3085
29684
3084
29685
3083
29686
3082
29687
3081
29688
3080
29689
3079
29690
3078
29691
3077
29692
3076
29693
3075
29694
3074
29695
3073
29696
3072
29697
3071
29698
3070
29699
3069
29700
3068
29701
3067
29702
3066
29703
3065
29704
3064
29705
3063
29706
3062
29707
3061
29708
3060
29709
3059
29710
3058
29711
3057
29712
3056
29713
3055
29714
3054
29715
3053
29716
3052
29717
3051
29718
3050
29719
3049
29720
3048
29721
3047
29722
3046
29723
3045
29724
3044
29725
3043
29726
3042
29727
3041
29728
3040
29729
3039
29730
3038
29731
3037
29732
3036
29733
3035
29734
3034
29735
3033
29736
3032
29737
3031
29738
3030
29739
3029
29740
3028
29741
3027
29742
3026
29743
3025
29744
3024
29745
3023
29746
3022
29747
3021
29748
3020
29749
3019
29750
3018
29751
3017
29752
3016
29753
3015
29754
3014
29755
3013
29756
3012
29757
3011
29758
3010
29759
3009
29760
3008
29761
3007
29762
3006
29763
3005
29764
3004
29765
3003
29766
3002
29767
3001
29768
3000
29769
2999
29770
2998
29771
2997
29772
2996
29773
2995
29774
2994
29775
2993
29776
2992
29777
2991
29778
2990
29779
2989
29780
2988
29781
2987
29782
2986
29783
2985
29784
2984
29785
2983
29786
2982
29787
2981
29788
2980
29789
2979
29790
2978
29791
2977
29792
2976
29793
2975
29794
2974
29795
2973
29796
2972
29797
2971
29798
2970
29799
2969
29800
2968
29801
2967
29802
2966
29803
2965
29804
2964
29805
2963
29806
2962
29807
2961
29808
2960
29809
2959
29810
2958
29811
2957
29812
2956
29813
2955
29814
2954
29815
2953
29816
2952
29817
2951
29818
2950
29819
2949
29820
2948
29821
2947
29822
2946
29823
2945
29824
2944
29825
2943
29826
2942
29827
2941
29828
2940
29829
2939
29830
2938
29831
2937
29832
2936
29833
2935
29834
2934
29835
2933
29836
2932
29837
2931
29838
2930
29839
2929
29840
2928
29841
2927
29842
2926
29843
2925
29844
2924
29845
2923
29846
2922
29847
2921
29848
2920
29849
2919
29850
2918
29851
2917
29852
2916
29853
2915
29854
2914
29855
2913
29856
2912
29857
2911
29858
2910
29859
2909
29860
2908
29861
2907
29862
2906
29863
2905
29864
2904
29865
2903
29866
2902
29867
2901
29868
2900
29869
2899
29870
2898
29871
2897
29872
2896
29873
2895
29874
2894
29875
2893
29876
2892
29877
2891
29878
2890
29879
2889
29880
2888
29881
2887
29882
2886
29883
2885
29884
2884
29885
2883
29886
2882
29887
2881
29888
2880
29889
2879
29890
2878
29891
2877
29892
2876
29893
2875
29894
2874
29895
2873
29896
2872
29897
2871
29898
2870
29899
2869
29900
2868
29901
2867
29902
2866
29903
2865
29904
2864
29905
2863
29906
2862
29907
2861
29908
2860
29909
2859
29910
2858
29911
2857
29912
2856
29913
2855
29914
2854
29915
2853
29916
2852
29917
2851
29918
2850
29919
2849
29920
2848
29921
2847
29922
2846
29923
2845
29924
2844
29925
2843
29926
2842
29927
2841
29928
2840
29929
2839
29930
2838
29931
2837
29932
2836
29933
2835
29934
2834
29935
2833
29936
2832
29937
2831
29938
2830
29939
2829
29940
2828
29941
2827
29942
2826
29943
2825
29944
2824
29945
2823
29946
2822
29947
2821
29948
2820
29949
2819
29950
2818
29951
2817
29952
2816
29953
2815
29954
2814
29955
2813
29956
2812
29957
2811
29958
2810
29959
2809
29960
2808
29961
2807
29962
2806
29963
2805
29964
2804
29965
2803
29966
2802
29967
2801
29968
2800
29969
2799
29970
2798
29971
2797
29972
2796
29973
2795
29974
2794
29975
2793
29976
2792
29977
2791
29978
2790
29979
2789
29980
2788
29981
2787
29982
2786
29983
2785
29984
2784
29985
2783
29986
2782
29987
2781
29988
2780
29989
2779
29990
2778
29991
2777
29992
2776
29993
2775
29994
2774
29995
2773
29996
2772
29997
2771
29998
2770
29999
2769
30000
2768
30001
2767
30002
2766
30003
2765
30004
2764
30005
2763
30006
2762
30007
2761
30008
2760
30009
2759
30010
2758
30011
2757
30012
2756
30013
2755
30014
2754
30015
2753
30016
2752
30017
2751
30018
2750
30019
2749
30020
2748
30021
2747
30022
2746
30023
2745
30024
2744
30025
2743
30026
2742
30027
2741
30028
2740
30029
2739
30030
2738
30031
2737
30032
2736
30033
2735
30034
2734
30035
2733
30036
2732
30037
2731
30038
2730
30039
2729
30040
2728
30041
2727
30042
2726
30043
2725
30044
2724
30045
2723
30046
2722
30047
2721
30048
2720
30049
2719
30050
2718
30051
2717
30052
2716
30053
2715
30054
2714
30055
2713
30056
2712
30057
2711
30058
2710
30059
2709
30060
2708
30061
2707
30062
2706
30063
2705
30064
2704
30065
2703
30066
2702
30067
2701
30068
2700
30069
2699
30070
2698
30071
2697
30072
2696
30073
2695
30074
2694
30075
2693
30076
2692
30077
2691
30078
2690
30079
2689
30080
2688
30081
2687
30082
2686
30083
2685
30084
2684
30085
2683
30086
2682
30087
2681
30088
2680
30089
2679
30090
2678
30091
2677
30092
2676
30093
2675
30094
2674
30095
2673
30096
2672
30097
2671
30098
2670
30099
2669
30100
2668
30101
2667
30102
2666
30103
2665
30104
2664
30105
2663
30106
2662
30107
2661
30108
2660
30109
2659
30110
2658
30111
2657
30112
2656
30113
2655
30114
2654
30115
2653
30116
2652
30117
2651
30118
2650
30119
2649
30120
2648
30121
2647
30122
2646
30123
2645
30124
2644
30125
2643
30126
2642
30127
2641
30128
2640
30129
2639
30130
2638
30131
2637
30132
2636
30133
2635
30134
2634
30135
2633
30136
2632
30137
2631
30138
2630
30139
2629
30140
2628
30141
2627
30142
2626
30143
2625
30144
2624
30145
2623
30146
2622
30147
2621
30148
2620
30149
2619
30150
2618
30151
2617
30152
2616
30153
2615
30154
2614
30155
2613
30156
2612
30157
2611
30158
2610
30159
2609
30160
2608
30161
2607
30162
2606
30163
2605
30164
2604
30165
2603
30166
2602
30167
2601
30168
2600
30169
2599
30170
2598
30171
2597
30172
2596
30173
2595
30174
2594
30175
2593
30176
2592
30177
2591
30178
2590
30179
2589
30180
2588
30181
2587
30182
2586
30183
2585
30184
2584
30185
2583
30186
2582
30187
2581
30188
2580
30189
2579
30190
2578
30191
2577
30192
2576
30193
2575
30194
2574
30195
2573
30196
2572
30197
2571
30198
2570
30199
2569
30200
2568
30201
2567
30202
2566
30203
2565
30204
2564
30205
2563
30206
2562
30207
2561
30208
2560
30209
2559
30210
2558
30211
2557
30212
2556
30213
2555
30214
2554
30215
2553
30216
2552
30217
2551
30218
2550
30219
2549
30220
2548
30221
2547
30222
2546
30223
2545
30224
2544
30225
2543
30226
2542
30227
2541
30228
2540
30229
2539
30230
2538
30231
2537
30232
2536
30233
2535
30234
2534
30235
2533
30236
2532
30237
2531
30238
2530
30239
2529
30240
2528
30241
2527
30242
2526
30243
2525
30244
2524
30245
2523
30246
2522
30247
2521
30248
2520
30249
2519
30250
2518
30251
2517
30252
2516
30253
2515
30254
2514
30255
2513
30256
2512
30257
2511
30258
2510
30259
2509
30260
2508
30261
2507
30262
2506
30263
2505
30264
2504
30265
2503
30266
2502
30267
2501
30268
2500
30269
2499
30270
2498
30271
2497
30272
2496
30273
2495
30274
2494
30275
2493
30276
2492
30277
2491
30278
2490
30279
2489
30280
2488
30281
2487
30282
2486
30283
2485
30284
2484
30285
2483
30286
2482
30287
2481
30288
2480
30289
2479
30290
2478
30291
2477
30292
2476
30293
2475
30294
2474
30295
2473
30296
2472
30297
2471
30298
2470
30299
2469
30300
2468
30301
2467
30302
2466
30303
2465
30304
2464
30305
2463
30306
2462
30307
2461
30308
2460
30309
2459
30310
2458
30311
2457
30312
2456
30313
2455
30314
2454
30315
2453
30316
2452
30317
2451
30318
2450
30319
2449
30320
2448
30321
2447
30322
2446
30323
2445
30324
2444
30325
2443
30326
2442
30327
2441
30328
2440
30329
2439
30330
2438
30331
2437
30332
2436
30333
2435
30334
2434
30335
2433
30336
2432
30337
2431
30338
2430
30339
2429
30340
2428
30341
2427
30342
2426
30343
2425
30344
2424
30345
2423
30346
2422
30347
2421
30348
2420
30349
2419
30350
2418
30351
2417
30352
2416
30353
2415
30354
2414
30355
2413
30356
2412
30357
2411
30358
2410
30359
2409
30360
2408
30361
2407
30362
2406
30363
2405
30364
2404
30365
2403
30366
2402
30367
2401
30368
2400
30369
2399
30370
2398
30371
2397
30372
2396
30373
2395
30374
2394
30375
2393
30376
2392
30377
2391
30378
2390
30379
2389
30380
2388
30381
2387
30382
2386
30383
2385
30384
2384
30385
2383
30386
2382
30387
2381
30388
2380
30389
2379
30390
2378
30391
2377
30392
2376
30393
2375
30394
2374
30395
2373
30396
2372
30397
2371
30398
2370
30399
2369
30400
2368
30401
2367
30402
2366
30403
2365
30404
2364
30405
2363
30406
2362
30407
2361
30408
2360
30409
2359
30410
2358
30411
2357
30412
2356
30413
2355
30414
2354
30415
2353
30416
2352
30417
2351
30418
2350
30419
2349
30420
2348
30421
2347
30422
2346
30423
2345
30424
2344
30425
2343
30426
2342
30427
2341
30428
2340
30429
2339
30430
2338
30431
2337
30432
2336
30433
2335
30434
2334
30435
2333
30436
2332
30437
2331
30438
2330
30439
2329
30440
2328
30441
2327
30442
2326
30443
2325
30444
2324
30445
2323
30446
2322
30447
2321
30448
2320
30449
2319
30450
2318
30451
2317
30452
2316
30453
2315
30454
2314
30455
2313
30456
2312
30457
2311
30458
2310
30459
2309
30460
2308
30461
2307
30462
2306
30463
2305
30464
2304
30465
2303
30466
2302
30467
2301
30468
2300
30469
2299
30470
2298
30471
2297
30472
2296
30473
2295
30474
2294
30475
2293
30476
2292
30477
2291
30478
2290
30479
2289
30480
2288
30481
2287
30482
2286
30483
2285
30484
2284
30485
2283
30486
2282
30487
2281
30488
2280
30489
2279
30490
2278
30491
2277
30492
2276
30493
2275
30494
2274
30495
2273
30496
2272
30497
2271
30498
2270
30499
2269
30500
2268
30501
2267
30502
2266
30503
2265
30504
2264
30505
2263
30506
2262
30507
2261
30508
2260
30509
2259
30510
2258
30511
2257
30512
2256
30513
2255
30514
2254
30515
2253
30516
2252
30517
2251
30518
2250
30519
2249
30520
2248
30521
2247
30522
2246
30523
2245
30524
2244
30525
2243
30526
2242
30527
2241
30528
2240
30529
2239
30530
2238
30531
2237
30532
2236
30533
2235
30534
2234
30535
2233
30536
2232
30537
2231
30538
2230
30539
2229
30540
2228
30541
2227
30542
2226
30543
2225
30544
2224
30545
2223
30546
2222
30547
2221
30548
2220
30549
2219
30550
2218
30551
2217
30552
2216
30553
2215
30554
2214
30555
2213
30556
2212
30557
2211
30558
2210
30559
2209
30560
2208
30561
2207
30562
2206
30563
2205
30564
2204
30565
2203
30566
2202
30567
2201
30568
2200
30569
2199
30570
2198
30571
2197
30572
2196
30573
2195
30574
2194
30575
2193
30576
2192
30577
2191
30578
2190
30579
2189
30580
2188
30581
2187
30582
2186
30583
2185
30584
2184
30585
2183
30586
2182
30587
2181
30588
2180
30589
2179
30590
2178
30591
2177
30592
2176
30593
2175
30594
2174
30595
2173
30596
2172
30597
2171
30598
2170
30599
2169
30600
2168
30601
2167
30602
2166
30603
2165
30604
2164
30605
2163
30606
2162
30607
2161
30608
2160
30609
2159
30610
2158
30611
2157
30612
2156
30613
2155
30614
2154
30615
2153
30616
2152
30617
2151
30618
2150
30619
2149
30620
2148
30621
2147
30622
2146
30623
2145
30624
2144
30625
2143
30626
2142
30627
2141
30628
2140
30629
2139
30630
2138
30631
2137
30632
2136
30633
2135
30634
2134
30635
2133
30636
2132
30637
2131
30638
2130
30639
2129
30640
2128
30641
2127
30642
2126
30643
2125
30644
2124
30645
2123
30646
2122
30647
2121
30648
2120
30649
2119
30650
2118
30651
2117
30652
2116
30653
2115
30654
2114
30655
2113
30656
2112
30657
2111
30658
2110
30659
2109
30660
2108
30661
2107
30662
2106
30663
2105
30664
2104
30665
2103
30666
2102
30667
2101
30668
2100
30669
2099
30670
2098
30671
2097
30672
2096
30673
2095
30674
2094
30675
2093
30676
2092
30677
2091
30678
2090
30679
2089
30680
2088
30681
2087
30682
2086
30683
2085
30684
2084
30685
2083
30686
2082
30687
2081
30688
2080
30689
2079
30690
2078
30691
2077
30692
2076
30693
2075
30694
2074
30695
2073
30696
2072
30697
2071
30698
2070
30699
2069
30700
2068
30701
2067
30702
2066
30703
2065
30704
2064
30705
2063
30706
2062
30707
2061
30708
2060
30709
2059
30710
2058
30711
2057
30712
2056
30713
2055
30714
2054
30715
2053
30716
2052
30717
2051
30718
2050
30719
2049
30720
2048
30721
2047
30722
2046
30723
2045
30724
2044
30725
2043
30726
2042
30727
2041
30728
2040
30729
2039
30730
2038
30731
2037
30732
2036
30733
2035
30734
2034
30735
2033
30736
2032
30737
2031
30738
2030
30739
2029
30740
2028
30741
2027
30742
2026
30743
2025
30744
2024
30745
2023
30746
2022
30747
2021
30748
2020
30749
2019
30750
2018
30751
2017
30752
2016
30753
2015
30754
2014
30755
2013
30756
2012
30757
2011
30758
2010
30759
2009
30760
2008
30761
2007
30762
2006
30763
2005
30764
2004
30765
2003
30766
2002
30767
2001
30768
2000
30769
1999
30770
1998
30771
1997
30772
1996
30773
1995
30774
1994
30775
1993
30776
1992
30777
1991
30778
1990
30779
1989
30780
1988
30781
1987
30782
1986
30783
1985
30784
1984
30785
1983
30786
1982
30787
1981
30788
1980
30789
1979
30790
1978
30791
1977
30792
1976
30793
1975
30794
1974
30795
1973
30796
1972
30797
1971
30798
1970
30799
1969
30800
1968
30801
1967
30802
1966
30803
1965
30804
1964
30805
1963
30806
1962
30807
1961
30808
1960
30809
1959
30810
1958
30811
1957
30812
1956
30813
1955
30814
1954
30815
1953
30816
1952
30817
1951
30818
1950
30819
1949
30820
1948
30821
1947
30822
1946
30823
1945
30824
1944
30825
1943
30826
1942
30827
1941
30828
1940
30829
1939
30830
1938
30831
1937
30832
1936
30833
1935
30834
1934
30835
1933
30836
1932
30837
1931
30838
1930
30839
1929
30840
1928
30841
1927
30842
1926
30843
1925
30844
1924
30845
1923
30846
1922
30847
1921
30848
1920
30849
1919
30850
1918
30851
1917
30852
1916
30853
1915
30854
1914
30855
1913
30856
1912
30857
1911
30858
1910
30859
1909
30860
1908
30861
1907
30862
1906
30863
1905
30864
1904
30865
1903
30866
1902
30867
1901
30868
1900
30869
1899
30870
1898
30871
1897
30872
1896
30873
1895
30874
1894
30875
1893
30876
1892
30877
1891
30878
1890
30879
1889
30880
1888
30881
1887
30882
1886
30883
1885
30884
1884
30885
1883
30886
1882
30887
1881
30888
1880
30889
1879
30890
1878
30891
1877
30892
1876
30893
1875
30894
1874
30895
1873
30896
1872
30897
1871
30898
1870
30899
1869
30900
1868
30901
1867
30902
1866
30903
1865
30904
1864
30905
1863
30906
1862
30907
1861
30908
1860
30909
1859
30910
1858
30911
1857
30912
1856
30913
1855
30914
1854
30915
1853
30916
1852
30917
1851
30918
1850
30919
1849
30920
1848
30921
1847
30922
1846
30923
1845
30924
1844
30925
1843
30926
1842
30927
1841
30928
1840
30929
1839
30930
1838
30931
1837
30932
1836
30933
1835
30934
1834
30935
1833
30936
1832
30937
1831
30938
1830
30939
1829
30940
1828
30941
1827
30942
1826
30943
1825
30944
1824
30945
1823
30946
1822
30947
1821
30948
1820
30949
1819
30950
1818
30951
1817
30952
1816
30953
1815
30954
1814
30955
1813
30956
1812
30957
1811
30958
1810
30959
1809
30960
1808
30961
1807
30962
1806
30963
1805
30964
1804
30965
1803
30966
1802
30967
1801
30968
1800
30969
1799
30970
1798
30971
1797
30972
1796
30973
1795
30974
1794
30975
1793
30976
1792
30977
1791
30978
1790
30979
1789
30980
1788
30981
1787
30982
1786
30983
1785
30984
1784
30985
1783
30986
1782
30987
1781
30988
1780
30989
1779
30990
1778
30991
1777
30992
1776
30993
1775
30994
1774
30995
1773
30996
1772
30997
1771
30998
1770
30999
1769
31000
1768
31001
1767
31002
1766
31003
1765
31004
1764
31005
1763
31006
1762
31007
1761
31008
1760
31009
1759
31010
1758
31011
1757
31012
1756
31013
1755
31014
1754
31015
1753
31016
1752
31017
1751
31018
1750
31019
1749
31020
1748
31021
1747
31022
1746
31023
1745
31024
1744
31025
1743
31026
1742
31027
1741
31028
1740
31029
1739
31030
1738
31031
1737
31032
1736
31033
1735
31034
1734
31035
1733
31036
1732
31037
1731
31038
1730
31039
1729
31040
1728
31041
1727
31042
1726
31043
1725
31044
1724
31045
1723
31046
1722
31047
1721
31048
1720
31049
1719
31050
1718
31051
1717
31052
1716
31053
1715
31054
1714
31055
1713
31056
1712
31057
1711
31058
1710
31059
1709
31060
1708
31061
1707
31062
1706
31063
1705
31064
1704
31065
1703
31066
1702
31067
1701
31068
1700
31069
1699
31070
1698
31071
1697
31072
1696
31073
1695
31074
1694
31075
1693
31076
1692
31077
1691
31078
1690
31079
1689
31080
1688
31081
1687
31082
1686
31083
1685
31084
1684
31085
1683
31086
1682
31087
1681
31088
1680
31089
1679
31090
1678
31091
1677
31092
1676
31093
1675
31094
1674
31095
1673
31096
1672
31097
1671
31098
1670
31099
1669
31100
1668
31101
1667
31102
1666
31103
1665
31104
1664
31105
1663
31106
1662
31107
1661
31108
1660
31109
1659
31110
1658
31111
1657
31112
1656
31113
1655
31114
1654
31115
1653
31116
1652
31117
1651
31118
1650
31119
1649
31120
1648
31121
1647
31122
1646
31123
1645
31124
1644
31125
1643
31126
1642
31127
1641
31128
1640
31129
1639
31130
1638
31131
1637
31132
1636
31133
1635
31134
1634
31135
1633
31136
1632
31137
1631
31138
1630
31139
1629
31140
1628
31141
1627
31142
1626
31143
1625
31144
1624
31145
1623
31146
1622
31147
1621
31148
1620
31149
1619
31150
1618
31151
1617
31152
1616
31153
1615
31154
1614
31155
1613
31156
1612
31157
1611
31158
1610
31159
1609
31160
1608
31161
1607
31162
1606
31163
1605
31164
1604
31165
1603
31166
1602
31167
1601
31168
1600
31169
1599
31170
1598
31171
1597
31172
1596
31173
1595
31174
1594
31175
1593
31176
1592
31177
1591
31178
1590
31179
1589
31180
1588
31181
1587
31182
1586
31183
1585
31184
1584
31185
1583
31186
1582
31187
1581
31188
1580
31189
1579
31190
1578
31191
1577
31192
1576
31193
1575
31194
1574
31195
1573
31196
1572
31197
1571
31198
1570
31199
1569
31200
1568
31201
1567
31202
1566
31203
1565
31204
1564
31205
1563
31206
1562
31207
1561
31208
1560
31209
1559
31210
1558
31211
1557
31212
1556
31213
1555
31214
1554
31215
1553
31216
1552
31217
1551
31218
1550
31219
1549
31220
1548
31221
1547
31222
1546
31223
1545
31224
1544
31225
1543
31226
1542
31227
1541
31228
1540
31229
1539
31230
1538
31231
1537
31232
1536
31233
1535
31234
1534
31235
1533
31236
1532
31237
1531
31238
1530
31239
1529
31240
1528
31241
1527
31242
1526
31243
1525
31244
1524
31245
1523
31246
1522
31247
1521
31248
1520
31249
1519
31250
1518
31251
1517
31252
1516
31253
1515
31254
1514
31255
1513
31256
1512
31257
1511
31258
1510
31259
1509
31260
1508
31261
1507
31262
1506
31263
1505
31264
1504
31265
1503
31266
1502
31267
1501
31268
1500
31269
1499
31270
1498
31271
1497
31272
1496
31273
1495
31274
1494
31275
1493
31276
1492
31277
1491
31278
1490
31279
1489
31280
1488
31281
1487
31282
1486
31283
1485
31284
1484
31285
1483
31286
1482
31287
1481
31288
1480
31289
1479
31290
1478
31291
1477
31292
1476
31293
1475
31294
1474
31295
1473
31296
1472
31297
1471
31298
1470
31299
1469
31300
1468
31301
1467
31302
1466
31303
1465
31304
1464
31305
1463
31306
1462
31307
1461
31308
1460
31309
1459
31310
1458
31311
1457
31312
1456
31313
1455
31314
1454
31315
1453
31316
1452
31317
1451
31318
1450
31319
1449
31320
1448
31321
1447
31322
1446
31323
1445
31324
1444
31325
1443
31326
1442
31327
1441
31328
1440
31329
1439
31330
1438
31331
1437
31332
1436
31333
1435
31334
1434
31335
1433
31336
1432
31337
1431
31338
1430
31339
1429
31340
1428
31341
1427
31342
1426
31343
1425
31344
1424
31345
1423
31346
1422
31347
1421
31348
1420
31349
1419
31350
1418
31351
1417
31352
1416
31353
1415
31354
1414
31355
1413
31356
1412
31357
1411
31358
1410
31359
1409
31360
1408
31361
1407
31362
1406
31363
1405
31364
1404
31365
1403
31366
1402
31367
1401
31368
1400
31369
1399
31370
1398
31371
1397
31372
1396
31373
1395
31374
1394
31375
1393
31376
1392
31377
1391
31378
1390
31379
1389
31380
1388
31381
1387
31382
1386
31383
1385
31384
1384
31385
1383
31386
1382
31387
1381
31388
1380
31389
1379
31390
1378
31391
1377
31392
1376
31393
1375
31394
1374
31395
1373
31396
1372
31397
1371
31398
1370
31399
1369
31400
1368
31401
1367
31402
1366
31403
1365
31404
1364
31405
1363
31406
1362
31407
1361
31408
1360
31409
1359
31410
1358
31411
1357
31412
1356
31413
1355
31414
1354
31415
1353
31416
1352
31417
1351
31418
1350
31419
1349
31420
1348
31421
1347
31422
1346
31423
1345
31424
1344
31425
1343
31426
1342
31427
1341
31428
1340
31429
1339
31430
1338
31431
1337
31432
1336
31433
1335
31434
1334
31435
1333
31436
1332
31437
1331
31438
1330
31439
1329
31440
1328
31441
1327
31442
1326
31443
1325
31444
1324
31445
1323
31446
1322
31447
1321
31448
1320
31449
1319
31450
1318
31451
1317
31452
1316
31453
1315
31454
1314
31455
1313
31456
1312
31457
1311
31458
1310
31459
1309
31460
1308
31461
1307
31462
1306
31463
1305
31464
1304
31465
1303
31466
1302
31467
1301
31468
1300
31469
1299
31470
1298
31471
1297
31472
1296
31473
1295
31474
1294
31475
1293
31476
1292
31477
1291
31478
1290
31479
1289
31480
1288
31481
1287
31482
1286
31483
1285
31484
1284
31485
1283
31486
1282
31487
1281
31488
1280
31489
1279
31490
1278
31491
1277
31492
1276
31493
1275
31494
1274
31495
1273
31496
1272
31497
1271
31498
1270
31499
1269
31500
1268
31501
1267
31502
1266
31503
1265
31504
1264
31505
1263
31506
1262
31507
1261
31508
1260
31509
1259
31510
1258
31511
1257
31512
1256
31513
1255
31514
1254
31515
1253
31516
1252
31517
1251
31518
1250
31519
1249
31520
1248
31521
1247
31522
1246
31523
1245
31524
1244
31525
1243
31526
1242
31527
1241
31528
1240
31529
1239
31530
1238
31531
1237
31532
1236
31533
1235
31534
1234
31535
1233
31536
1232
31537
1231
31538
1230
31539
1229
31540
1228
31541
1227
31542
1226
31543
1225
31544
1224
31545
1223
31546
1222
31547
1221
31548
1220
31549
1219
31550
1218
31551
1217
31552
1216
31553
1215
31554
1214
31555
1213
31556
1212
31557
1211
31558
1210
31559
1209
31560
1208
31561
1207
31562
1206
31563
1205
31564
1204
31565
1203
31566
1202
31567
1201
31568
1200
31569
1199
31570
1198
31571
1197
31572
1196
31573
1195
31574
1194
31575
1193
31576
1192
31577
1191
31578
1190
31579
1189
31580
1188
31581
1187
31582
1186
31583
1185
31584
1184
31585
1183
31586
1182
31587
1181
31588
1180
31589
1179
31590
1178
31591
1177
31592
1176
31593
1175
31594
1174
31595
1173
31596
1172
31597
1171
31598
1170
31599
1169
31600
1168
31601
1167
31602
1166
31603
1165
31604
1164
31605
1163
31606
1162
31607
1161
31608
1160
31609
1159
31610
1158
31611
1157
31612
1156
31613
1155
31614
1154
31615
1153
31616
1152
31617
1151
31618
1150
31619
1149
31620
1148
31621
1147
31622
1146
31623
1145
31624
1144
31625
1143
31626
1142
31627
1141
31628
1140
31629
1139
31630
1138
31631
1137
31632
1136
31633
1135
31634
1134
31635
1133
31636
1132
31637
1131
31638
1130
31639
1129
31640
1128
31641
1127
31642
1126
31643
1125
31644
1124
31645
1123
31646
1122
31647
1121
31648
1120
31649
1119
31650
1118
31651
1117
31652
1116
31653
1115
31654
1114
31655
1113
31656
1112
31657
1111
31658
1110
31659
1109
31660
1108
31661
1107
31662
1106
31663
1105
31664
1104
31665
1103
31666
1102
31667
1101
31668
1100
31669
1099
31670
1098
31671
1097
31672
1096
31673
1095
31674
1094
31675
1093
31676
1092
31677
1091
31678
1090
31679
1089
31680
1088
31681
1087
31682
1086
31683
1085
31684
1084
31685
1083
31686
1082
31687
1081
31688
1080
31689
1079
31690
1078
31691
1077
31692
1076
31693
1075
31694
1074
31695
1073
31696
1072
31697
1071
31698
1070
31699
1069
31700
1068
31701
1067
31702
1066
31703
1065
31704
1064
31705
1063
31706
1062
31707
1061
31708
1060
31709
1059
31710
1058
31711
1057
31712
1056
31713
1055
31714
1054
31715
1053
31716
1052
31717
1051
31718
1050
31719
1049
31720
1048
31721
1047
31722
1046
31723
1045
31724
1044
31725
1043
31726
1042
31727
1041
31728
1040
31729
1039
31730
1038
31731
1037
31732
1036
31733
1035
31734
1034
31735
1033
31736
1032
31737
1031
31738
1030
31739
1029
31740
1028
31741
1027
31742
1026
31743
1025
31744
1024
31745
1023
31746
1022
31747
1021
31748
1020
31749
1019
31750
1018
31751
1017
31752
1016
31753
1015
31754
1014
31755
1013
31756
1012
31757
1011
31758
1010
31759
1009
31760
1008
31761
1007
31762
1006
31763
1005
31764
1004
31765
1003
31766
1002
31767
1001
31768
1000
31769
999
31770
998
31771
997
31772
996
31773
995
31774
994
31775
993
31776
992
31777
991
31778
990
31779
989
31780
988
31781
987
31782
986
31783
985
31784
984
31785
983
31786
982
31787
981
31788
980
31789
979
31790
978
31791
977
31792
976
31793
975
31794
974
31795
973
31796
972
31797
971
31798
970
31799
969
31800
968
31801
967
31802
966
31803
965
31804
964
31805
963
31806
962
31807
961
31808
960
31809
959
31810
958
31811
957
31812
956
31813
955
31814
954
31815
953
31816
952
31817
951
31818
950
31819
949
31820
948
31821
947
31822
946
31823
945
31824
944
31825
943
31826
942
31827
941
31828
940
31829
939
31830
938
31831
937
31832
936
31833
935
31834
934
31835
933
31836
932
31837
931
31838
930
31839
929
31840
928
31841
927
31842
926
31843
925
31844
924
31845
923
31846
922
31847
921
31848
920
31849
919
31850
918
31851
917
31852
916
31853
915
31854
914
31855
913
31856
912
31857
911
31858
910
31859
909
31860
908
31861
907
31862
906
31863
905
31864
904
31865
903
31866
902
31867
901
31868
900
31869
899
31870
898
31871
897
31872
896
31873
895
31874
894
31875
893
31876
892
31877
891
31878
890
31879
889
31880
888
31881
887
31882
886
31883
885
31884
884
31885
883
31886
882
31887
881
31888
880
31889
879
31890
878
31891
877
31892
876
31893
875
31894
874
31895
873
31896
872
31897
871
31898
870
31899
869
31900
868
31901
867
31902
866
31903
865
31904
864
31905
863
31906
862
31907
861
31908
860
31909
859
31910
858
31911
857
31912
856
31913
855
31914
854
31915
853
31916
852
31917
851
31918
850
31919
849
31920
848
31921
847
31922
846
31923
845
31924
844
31925
843
31926
842
31927
841
31928
840
31929
839
31930
838
31931
837
31932
836
31933
835
31934
834
31935
833
31936
832
31937
831
31938
830
31939
829
31940
828
31941
827
31942
826
31943
825
31944
824
31945
823
31946
822
31947
821
31948
820
31949
819
31950
818
31951
817
31952
816
31953
815
31954
814
31955
813
31956
812
31957
811
31958
810
31959
809
31960
808
31961
807
31962
806
31963
805
31964
804
31965
803
31966
802
31967
801
31968
800
31969
799
31970
798
31971
797
31972
796
31973
795
31974
794
31975
793
31976
792
31977
791
31978
790
31979
789
31980
788
31981
787
31982
786
31983
785
31984
784
31985
783
31986
782
31987
781
31988
780
31989
779
31990
778
31991
777
31992
776
31993
775
31994
774
31995
773
31996
772
31997
771
31998
770
31999
769
32000
768
32001
767
32002
766
32003
765
32004
764
32005
763
32006
762
32007
761
32008
760
32009
759
32010
758
32011
757
32012
756
32013
755
32014
754
32015
753
32016
752
32017
751
32018
750
32019
749
32020
748
32021
747
32022
746
32023
745
32024
744
32025
743
32026
742
32027
741
32028
740
32029
739
32030
738
32031
737
32032
736
32033
735
32034
734
32035
733
32036
732
32037
731
32038
730
32039
729
32040
728
32041
727
32042
726
32043
725
32044
724
32045
723
32046
722
32047
721
32048
720
32049
719
32050
718
32051
717
32052
716
32053
715
32054
714
32055
713
32056
712
32057
711
32058
710
32059
709
32060
708
32061
707
32062
706
32063
705
32064
704
32065
703
32066
702
32067
701
32068
700
32069
699
32070
698
32071
697
32072
696
32073
695
32074
694
32075
693
32076
692
32077
691
32078
690
32079
689
32080
688
32081
687
32082
686
32083
685
32084
684
32085
683
32086
682
32087
681
32088
680
32089
679
32090
678
32091
677
32092
676
32093
675
32094
674
32095
673
32096
672
32097
671
32098
670
32099
669
32100
668
32101
667
32102
666
32103
665
32104
664
32105
663
32106
662
32107
661
32108
660
32109
659
32110
658
32111
657
32112
656
32113
655
32114
654
32115
653
32116
652
32117
651
32118
650
32119
649
32120
648
32121
647
32122
646
32123
645
32124
644
32125
643
32126
642
32127
641
32128
640
32129
639
32130
638
32131
637
32132
636
32133
635
32134
634
32135
633
32136
632
32137
631
32138
630
32139
629
32140
628
32141
627
32142
626
32143
625
32144
624
32145
623
32146
622
32147
621
32148
620
32149
619
32150
618
32151
617
32152
616
32153
615
32154
614
32155
613
32156
612
32157
611
32158
610
32159
609
32160
608
32161
607
32162
606
32163
605
32164
604
32165
603
32166
602
32167
601
32168
600
32169
599
32170
598
32171
597
32172
596
32173
595
32174
594
32175
593
32176
592
32177
591
32178
590
32179
589
32180
588
32181
587
32182
586
32183
585
32184
584
32185
583
32186
582
32187
581
32188
580
32189
579
32190
578
32191
577
32192
576
32193
575
32194
574
32195
573
32196
572
32197
571
32198
570
32199
569
32200
568
32201
567
32202
566
32203
565
32204
564
32205
563
32206
562
32207
561
32208
560
32209
559
32210
558
32211
557
32212
556
32213
555
32214
554
32215
553
32216
552
32217
551
32218
550
32219
549
32220
548
32221
547
32222
546
32223
545
32224
544
32225
543
32226
542
32227
541
32228
540
32229
539
32230
538
32231
537
32232
536
32233
535
32234
534
32235
533
32236
532
32237
531
32238
530
32239
529
32240
528
32241
527
32242
526
32243
525
32244
524
32245
523
32246
522
32247
521
32248
520
32249
519
32250
518
32251
517
32252
516
32253
515
32254
514
32255
513
32256
512
32257
511
32258
510
32259
509
32260
508
32261
507
32262
506
32263
505
32264
504
32265
503
32266
502
32267
501
32268
500
32269
499
32270
498
32271
497
32272
496
32273
495
32274
494
32275
493
32276
492
32277
491
32278
490
32279
489
32280
488
32281
487
32282
486
32283
485
32284
484
32285
483
32286
482
32287
481
32288
480
32289
479
32290
478
32291
477
32292
476
32293
475
32294
474
32295
473
32296
472
32297
471
32298
470
32299
469
32300
468
32301
467
32302
466
32303
465
32304
464
32305
463
32306
462
32307
461
32308
460
32309
459
32310
458
32311
457
32312
456
32313
455
32314
454
32315
453
32316
452
32317
451
32318
450
32319
449
32320
448
32321
447
32322
446
32323
445
32324
444
32325
443
32326
442
32327
441
32328
440
32329
439
32330
438
32331
437
32332
436
32333
435
32334
434
32335
433
32336
432
32337
431
32338
430
32339
429
32340
428
32341
427
32342
426
32343
425
32344
424
32345
423
32346
422
32347
421
32348
420
32349
419
32350
418
32351
417
32352
416
32353
415
32354
414
32355
413
32356
412
32357
411
32358
410
32359
409
32360
408
32361
407
32362
406
32363
405
32364
404
32365
403
32366
402
32367
401
32368
400
32369
399
32370
398
32371
397
32372
396
32373
395
32374
394
32375
393
32376
392
32377
391
32378
390
32379
389
32380
388
32381
387
32382
386
32383
385
32384
384
32385
383
32386
382
32387
381
32388
380
32389
379
32390
378
32391
377
32392
376
32393
375
32394
374
32395
373
32396
372
32397
371
32398
370
32399
369
32400
368
32401
367
32402
366
32403
365
32404
364
32405
363
32406
362
32407
361
32408
360
32409
359
32410
358
32411
357
32412
356
32413
355
32414
354
32415
353
32416
352
32417
351
32418
350
32419
349
32420
348
32421
347
32422
346
32423
345
32424
344
32425
343
32426
342
32427
341
32428
340
32429
339
32430
338
32431
337
32432
336
32433
335
32434
334
32435
333
32436
332
32437
331
32438
330
32439
329
32440
328
32441
327
32442
326
32443
325
32444
324
32445
323
32446
322
32447
321
32448
320
32449
319
32450
318
32451
317
32452
316
32453
315
32454
314
32455
313
32456
312
32457
311
32458
310
32459
309
32460
308
32461
307
32462
306
32463
305
32464
304
32465
303
32466
302
32467
301
32468
300
32469
299
32470
298
32471
297
32472
296
32473
295
32474
294
32475
293
32476
292
32477
291
32478
290
32479
289
32480
288
32481
287
32482
286
32483
285
32484
284
32485
283
32486
282
32487
281
32488
280
32489
279
32490
278
32491
277
32492
276
32493
275
32494
274
32495
273
32496
272
32497
271
32498
270
32499
269
32500
268
32501
267
32502
266
32503
265
32504
264
32505
263
32506
262
32507
261
32508
260
32509
259
32510
258
32511
257
32512
256
32513
255
32514
254
32515
253
32516
252
32517
251
32518
250
32519
249
32520
248
32521
247
32522
246
32523
245
32524
244
32525
243
32526
242
32527
241
32528
240
32529
239
32530
238
32531
237
32532
236
32533
235
32534
234
32535
233
32536
232
32537
231
32538
230
32539
229
32540
228
32541
227
32542
226
32543
225
32544
224
32545
223
32546
222
32547
221
32548
220
32549
219
32550
218
32551
217
32552
216
32553
215
32554
214
32555
213
32556
212
32557
211
32558
210
32559
209
32560
208
32561
207
32562
206
32563
205
32564
204
32565
203
32566
202
32567
201
32568
200
32569
199
32570
198
32571
197
32572
196
32573
195
32574
194
32575
193
32576
192
32577
191
32578
190
32579
189
32580
188
32581
187
32582
186
32583
185
32584
184
32585
183
32586
182
32587
181
32588
180
32589
179
32590
178
32591
177
32592
176
32593
175
32594
174
32595
173
32596
172
32597
171
32598
170
32599
169
32600
168
32601
167
32602
166
32603
165
32604
164
32605
163
32606
162
32607
161
32608
160
32609
159
32610
158
32611
157
32612
156
32613
155
32614
154
32615
153
32616
152
32617
151
32618
150
32619
149
32620
148
32621
147
32622
146
32623
145
32624
144
32625
143
32626
142
32627
141
32628
140
32629
139
32630
138
32631
137
32632
136
32633
135
32634
134
32635
133
32636
132
32637
131
32638
130
32639
129
32640
128
32641
127
32642
126
32643
125
32644
124
32645
123
32646
122
32647
121
32648
120
32649
119
32650
118
32651
117
32652
116
32653
115
32654
114
32655
113
32656
112
32657
111
32658
110
32659
109
32660
108
32661
107
32662
106
32663
105
32664
104
32665
103
32666
102
32667
101
32668
100
32669
99
32670
98
32671
97
32672
96
32673
95
32674
94
32675
93
32676
92
32677
91
32678
90
32679
89
32680
88
32681
87
32682
86
32683
85
32684
84
32685
83
32686
82
32687
81
32688
80
32689
79
32690
78
32691
77
32692
76
32693
75
32694
74
32695
73
32696
72
32697
71
32698
70
32699
69
32700
68
32701
67
32702
66
32703
65
32704
64
32705
63
32706
62
32707
61
32708
60
32709
59
32710
58
32711
57
32712
56
32713
55
32714
54
32715
53
32716
52
32717
51
32718
50
32719
49
32720
48
32721
47
32722
46
32723
45
32724
44
32725
43
32726
42
32727
41
32728
40
32729
39
32730
38
32731
37
32732
36
32733
35
32734
34
32735
33
32736
32
32737
31
32738
30
32739
29
32740
28
32741
27
32742
26
32743
25
32744
24
32745
23
32746
22
32747
21
32748
20
32749
19
32750
18
32751
17
32752
16
32753
15
32754
14
32755
13
32756
12
32757
11
32758
10
32759
9
32760
8
32761
7
32762
6
32763
5
32764
4
32765
3
32766
2
32767
1
